PlayerId;Year;TeamId;LeagueId;GP;Min;W;L;T/OL;ENG;SO;GA;SA;GR
51;2021;22;9999;1;3225;0;0;0;0;0;5;21;31
67;2021;14;9999;0;0;0;0;0;0;0;0;0;0
991;2021;54;9999;0;0;0;0;0;0;0;0;0;0
2144;2021;39;9999;1;338;0;0;0;0;0;0;3;51
188;2022;55;9999;5;18347;1;2;2;0;1;17;163;67
256;2021;43;9999;1;3016;0;0;0;0;0;4;25;47
259;2022;46;9999;0;0;0;0;0;0;0;0;0;0
781;2021;5;9999;0;0;0;0;0;0;0;0;0;0
781;2022;5;9999;3;7634;0;1;0;1;0;8;65;59
5844;2021;20;9999;2;7357;1;1;0;0;0;6;59;71
276;2022;40;9999;0;0;0;0;0;0;0;0;0;0
14;2023;21;9999;3;7709;0;1;1;1;0;6;73;73
78;2021;27;9999;0;0;0;0;0;0;0;0;0;0
78;2023;36;9999;7;25459;3;4;0;2;0;23;264;77
147;2021;12;9999;0;0;0;0;0;0;0;0;0;0
147;2023;32;9999;0;0;0;0;0;0;0;0;0;0
159;2021;57;9999;0;0;0;0;0;0;0;0;0;0
159;2022;12;9999;0;0;0;0;0;0;0;0;0;0
191;2021;30;9999;0;0;0;0;0;0;0;0;0;0
191;2022;30;9999;1;3782;0;0;1;0;0;3;21;56
191;2023;57;9999;1;2036;0;0;0;0;0;0;14;72
799;2021;43;9999;4;11292;0;4;0;1;0;16;109;54
2237;2021;46;9999;2;918;0;0;0;0;0;0;9;55
363;2021;49;9999;0;0;0;0;0;0;0;0;0;0
422;2021;49;9999;4;14553;0;3;1;0;0;13;119;64
422;2023;38;9999;0;0;0;0;0;0;0;0;0;0
3915;2021;37;9999;12;43178;5;6;1;1;0;31;340;64
3915;2022;57;9999;0;0;0;0;0;0;0;0;0;0
104;2021;14;9999;21;79204;11;9;1;4;0;60;539;64
104;2022;14;9999;4;14481;2;2;0;0;1;9;100;72
115;2021;22;9999;7;21830;3;4;0;2;0;21;163;59
115;2023;3;9999;5;11222;1;0;1;0;0;9;111;70
275;2021;17;9999;0;0;0;0;0;0;0;0;0;0
275;2022;17;9999;0;0;0;0;0;0;0;0;0;0
275;2023;17;9999;0;0;0;0;0;0;0;0;0;0
275;2024;17;9999;0;0;0;0;0;0;0;0;0;0
279;2023;57;9999;22;80040;16;5;1;0;4;44;529;68
282;2023;10;9999;1;893;0;0;0;0;0;0;6;58
282;2024;54;9999;0;0;0;0;0;0;0;0;0;0
418;2022;0;9999;5;17983;1;3;1;0;0;22;180;67
488;2021;55;9999;1;1456;1;0;0;0;0;0;14;66
488;2024;34;9999;6;21580;2;4;0;0;0;22;203;67
564;2021;54;9999;6;23401;2;3;1;1;1;16;216;71
854;2021;27;9999;7;25689;3;3;1;0;1;16;181;73
854;2022;27;9999;1;2822;0;1;0;0;0;6;31;40
854;2023;27;9999;6;19972;1;4;0;2;0;21;165;60
854;2024;27;9999;1;3600;0;1;0;0;0;6;30;38
327;2021;47;9999;0;0;0;0;0;0;0;0;0;0
327;2022;0;9999;0;0;0;0;0;0;0;0;0;0
376;2021;11;9999;0;0;0;0;0;0;0;0;0;0
895;2021;1;9999;5;17265;1;3;0;0;1;15;105;56
895;2022;1;9999;5;17566;3;1;0;0;0;14;125;64
1088;2021;19;9999;2;7367;2;0;0;0;0;6;45;57
1088;2022;62;9999;0;0;0;0;0;0;0;0;0;0
1088;2023;47;9999;0;0;0;0;0;0;0;0;0;0
144;2021;17;9999;7;29042;3;3;1;0;1;18;211;74
144;2022;17;9999;13;47589;6;6;1;1;0;37;370;70
144;2023;17;9999;21;76190;11;8;2;1;2;68;741;77
144;2024;17;9999;14;52237;7;5;2;0;0;41;462;75
144;2025;17;9999;0;0;0;0;0;0;0;0;0;0
232;2023;56;9999;0;0;0;0;0;0;0;0;0;0
232;2024;56;9999;5;15299;2;2;0;0;2;12;155;71
232;2025;56;9999;4;14699;0;3;1;0;0;12;125;69
369;2021;38;9999;1;299;0;0;0;0;0;0;6;56
369;2022;38;9999;1;259;0;0;0;0;0;0;0;48
589;2021;50;9999;1;274;0;0;0;0;0;0;2;51
589;2022;54;9999;22;81052;16;5;1;1;3;54;561;65
857;2022;25;9999;0;0;0;0;0;0;0;0;0;0
857;2023;31;9999;18;64623;10;4;3;3;0;56;639;78
891;2022;10;9999;0;0;0;0;0;0;0;0;0;0
891;2023;54;9999;2;3027;0;0;0;0;0;2;29;57
891;2024;54;9999;20;72845;13;5;2;1;3;38;547;75
1098;2021;29;9999;0;0;0;0;0;0;0;0;0;0
1098;2024;44;9999;17;61303;9;7;1;1;2;41;499;73
1280;2023;53;9999;2;2137;0;0;0;0;0;2;14;48
1280;2024;53;9999;12;39187;5;5;2;0;0;43;349;57
1288;2022;46;9999;11;39915;4;6;1;1;0;35;372;70
1288;2024;33;9999;7;26448;3;4;0;1;1;18;233;76
1289;2024;44;9999;0;0;0;0;0;0;0;0;0;0
289;2021;16;9999;5;16018;1;4;0;0;0;23;141;50
289;2022;16;9999;6;18895;2;4;0;1;0;27;170;51
289;2023;18;9999;5;13798;3;2;0;0;0;19;115;51
289;2024;18;9999;0;0;0;0;0;0;0;0;0;0
289;2025;3;9999;3;11203;1;1;1;0;0;13;140;83
311;2022;27;9999;5;15177;1;3;0;0;0;15;131;61
311;2023;27;9999;1;1882;1;0;0;0;0;2;20;64
311;2024;27;9999;6;22803;3;2;1;0;0;16;179;74
311;2025;57;9999;11;39926;6;3;2;0;0;23;329;75
311;2026;20;9999;0;0;0;0;0;0;0;0;0;0
337;2024;9;9999;1;1229;0;0;0;0;0;0;4;55
842;2024;26;9999;7;26094;3;3;1;1;0;30;253;69
842;2025;26;9999;1;1424;0;0;0;0;0;2;18;59
842;2026;50;9999;10;37657;4;5;1;0;0;29;324;73
1259;2021;9;9999;0;0;0;0;0;0;0;0;0;0
1259;2022;9;9999;4;14296;2;2;0;0;0;9;101;71
1259;2023;9;9999;0;0;0;0;0;0;0;0;0;0
1259;2024;62;9999;0;0;0;0;0;0;0;0;0;0
1272;2022;123;9999;0;0;0;0;0;0;0;0;0;0
1272;2023;123;9999;0;0;0;0;0;0;0;0;0;0
384;2021;19;9999;10;35800;4;6;0;1;0;24;198;59
384;2022;19;9999;3;10850;1;1;1;0;0;8;63;60
384;2025;26;9999;7;24603;3;2;2;0;2;20;264;80
551;2021;18;9999;0;0;0;0;0;0;0;0;0;0
551;2022;18;9999;0;0;0;0;0;0;0;0;0;0
551;2024;50;9999;0;0;0;0;0;0;0;0;0;0
551;2025;50;9999;4;11767;0;4;0;0;0;18;129;50
888;2021;30;9999;27;98532;16;7;4;1;1;77;681;65
888;2022;30;9999;6;22432;3;2;1;0;0;14;144;68
888;2023;30;9999;14;53377;7;7;0;3;0;27;433;83
888;2024;30;9999;1;3600;0;1;0;0;0;4;33;66
888;2025;31;9999;1;745;0;0;0;0;0;0;5;58
888;2026;31;9999;20;74135;10;8;2;3;1;53;745;84
892;2021;31;9999;6;21772;3;3;0;1;0;20;152;58
892;2022;31;9999;1;2149;0;0;0;0;0;0;20;83
892;2024;53;9999;2;5604;0;0;0;0;0;7;69;67
892;2025;53;9999;5;18325;1;3;1;0;0;17;203;78
892;2027;59;9999;0;0;0;0;0;0;0;0;0;0
952;2021;20;9999;18;65965;10;7;1;1;2;51;444;63
952;2022;20;9999;26;96202;16;9;1;2;3;58;667;72
952;2023;20;9999;13;45509;7;4;2;1;1;35;373;72
952;2024;20;9999;13;47023;7;6;0;1;1;38;458;79
952;2025;20;9999;7;25026;3;4;0;0;1;19;227;78
952;2026;20;9999;7;25880;3;3;1;2;0;22;224;73
952;2027;20;9999;12;41246;5;5;2;2;0;32;380;73
