PlayerId;Year;TeamId;LeagueId;GP;G;A;PIM;+/-;PP G;PP A;SH G;SH A;GR;GWG;SOG;FO;FO W;HIT;GvA;TkA;SB;TOI;PPTOI;SHTOI;Fights;Fights Won
148;2021;22;9999;7;2;1;4;-3;1;0;0;0;63;0;3;2;2;14;0;4;2;3466;805;0;0;0
186;2021;12;9999;2;0;0;0;0;0;0;0;0;56;0;1;12;5;1;0;0;0;867;0;8;0;0
5832;2021;1;9999;14;2;4;0;5;0;0;0;0;57;0;6;51;31;3;3;0;0;4984;23;79;0;0
5833;2021;12;9999;4;0;0;0;0;0;0;0;0;61;0;1;5;3;3;0;1;0;1595;216;0;0;0
5846;2021;30;9999;27;2;5;8;-6;1;0;0;0;62;1;33;4;0;30;13;9;1;17478;1001;121;0;0
5847;2021;12;9999;2;0;0;0;-1;0;0;0;0;55;0;2;1;0;1;0;0;0;973;0;0;0;0
5848;2021;43;9999;4;1;0;0;-5;1;0;0;0;59;0;3;1;1;0;4;1;4;2293;170;330;0;0
6;2021;60;9999;21;4;4;21;6;0;0;0;0;63;2;32;225;140;34;8;3;13;15271;46;2544;1;0
20;2021;59;9999;7;1;0;0;-2;0;0;0;0;67;1;6;111;57;17;1;6;7;7801;118;268;0;0
21;2021;16;9999;3;0;0;0;-4;0;0;0;0;49;0;2;0;0;2;1;1;1;3073;0;231;0;0
21;2022;16;9999;6;1;0;0;3;0;0;0;0;58;0;5;3;1;9;4;2;3;2892;12;940;0;0
54;2021;60;9999;15;2;3;2;3;0;0;0;0;57;0;17;63;26;6;5;8;3;7039;0;1963;0;0
77;2021;14;9999;21;2;3;0;0;0;1;0;1;55;1;19;0;0;12;1;4;11;19783;86;498;0;0
140;2021;29;9999;6;2;0;0;-3;0;0;0;0;61;1;3;0;0;7;3;0;0;3400;0;0;0;0
175;2021;22;9999;7;0;1;0;-4;0;0;0;0;56;0;3;6;1;6;4;0;1;3844;5;161;0;0
175;2022;9;9999;1;0;0;0;0;0;0;0;0;59;0;1;0;0;0;0;0;0;533;49;0;0;0
264;2021;38;9999;14;3;4;27;3;0;0;0;0;59;0;18;100;53;29;3;1;1;8368;82;618;1;0
267;2021;49;9999;4;1;0;0;-1;0;0;0;0;66;0;10;46;27;2;2;2;4;3901;241;601;0;0
338;2021;11;9999;7;3;2;2;3;0;0;0;1;59;1;6;52;28;1;5;1;0;5188;91;268;0;0
641;2021;37;9999;12;1;5;6;-2;0;0;0;1;57;0;13;9;1;24;4;2;6;9117;94;737;0;0
983;2021;43;9999;4;3;2;26;1;0;1;0;0;65;0;8;16;8;8;3;1;3;4123;125;561;0;0
2151;2021;53;9999;3;0;0;0;-2;0;0;0;0;54;0;3;6;3;2;0;0;2;1231;69;69;0;0
2157;2021;38;9999;12;3;1;2;1;0;0;0;0;59;1;14;17;10;4;2;3;2;5533;907;110;0;0
4421;2021;54;9999;6;1;3;0;-1;0;0;1;0;68;0;15;0;0;5;1;4;9;6481;325;452;0;0
11;2021;30;9999;27;12;13;12;-1;3;7;3;1;70;1;50;404;218;21;24;18;11;23215;4156;2541;0;0
11;2022;30;9999;7;2;2;0;-4;1;0;0;0;66;0;12;107;64;10;9;5;1;6655;1085;447;0;0
11;2023;30;9999;14;1;4;2;1;0;1;0;0;65;0;25;167;92;13;18;13;3;12555;2131;1112;0;0
17;2021;22;9999;7;0;1;2;-4;0;0;0;1;58;0;5;72;40;5;6;2;3;4811;0;866;0;0
18;2021;50;9999;6;2;5;0;2;0;0;0;0;64;0;14;73;39;13;1;1;3;5669;0;690;0;0
18;2023;32;9999;1;0;0;0;0;0;0;0;0;55;0;1;1;0;1;1;0;1;454;0;79;0;0
19;2021;17;9999;7;1;1;2;-2;0;0;0;0;59;0;6;69;30;5;4;1;1;3956;22;750;0;0
19;2023;54;9999;1;0;0;0;1;0;0;0;0;58;0;2;2;2;0;0;0;0;375;0;124;0;0
22;2021;20;9999;20;0;3;0;-2;0;0;0;0;62;0;5;5;3;20;8;5;4;10637;39;210;0;0
24;2022;32;9999;9;0;2;2;-2;0;0;0;0;56;0;5;27;13;13;3;2;6;4253;0;987;0;0
41;2021;60;9999;15;2;1;0;0;0;0;0;0;63;0;26;0;0;21;7;4;16;14547;55;1278;0;0
41;2022;60;9999;5;0;0;4;-7;0;0;0;0;64;0;5;0;0;8;1;0;8;5301;265;153;0;0
48;2021;12;9999;6;0;0;4;-3;0;0;0;0;56;0;10;0;0;7;0;1;6;6740;0;271;0;0
48;2022;12;9999;5;0;0;2;-5;0;0;0;0;59;0;8;0;0;10;0;0;2;4912;486;191;0;0
59;2021;22;9999;7;2;3;0;-4;1;0;1;1;56;0;7;58;31;5;4;0;0;4289;200;156;0;0
59;2023;36;9999;6;0;0;0;-7;0;0;0;0;52;0;2;75;40;11;2;0;1;4810;0;56;0;0
60;2021;30;9999;27;1;4;6;-3;0;0;0;2;60;0;36;0;0;28;2;13;32;32618;128;2619;0;0
60;2022;30;9999;7;0;4;2;-3;0;0;0;0;61;0;12;0;0;14;2;2;12;8967;0;405;0;0
60;2023;30;9999;14;0;2;6;5;0;0;0;0;61;0;14;0;0;17;7;7;35;14784;0;918;0;0
71;2021;22;9999;7;0;0;0;-5;0;0;0;0;62;0;3;1;0;10;1;5;1;5052;0;0;0;0
95;2021;1;9999;14;0;2;4;0;0;1;0;0;59;0;22;0;0;6;1;6;13;11311;247;899;0;0
95;2022;1;9999;19;0;3;8;-5;0;0;0;1;57;0;24;0;0;22;3;6;21;19072;24;635;0;0
101;2021;60;9999;10;1;3;0;2;0;0;0;0;56;0;7;37;24;7;2;1;0;4002;0;39;0;0
127;2021;5;9999;4;0;0;0;-1;0;0;0;0;60;0;2;0;0;4;3;1;1;2220;97;0;0;0
127;2022;38;9999;1;0;2;0;-1;0;1;0;0;57;0;2;0;0;0;1;0;0;413;147;0;0;0
136;2022;38;9999;18;1;2;2;-6;0;1;0;0;55;0;14;0;0;7;2;3;0;8783;716;0;0;0
152;2022;27;9999;5;0;1;0;-10;0;0;0;0;52;0;12;0;0;7;1;1;16;4974;0;468;0;0
161;2022;57;9999;3;0;0;0;-3;0;0;0;0;64;0;6;0;0;4;1;1;9;3051;12;293;0;0
203;2022;54;9999;19;4;4;18;2;0;0;0;1;55;0;35;0;0;51;4;3;9;18152;0;1104;0;0
212;2021;27;9999;7;1;4;0;5;0;0;0;0;60;0;10;0;0;7;3;3;3;8595;0;145;0;0
212;2022;58;9999;5;2;3;0;1;0;0;0;0;69;0;11;0;0;7;1;2;9;5787;0;370;0;0
251;2022;58;9999;4;2;0;2;1;0;0;0;0;60;0;6;30;14;8;2;1;0;2171;0;253;0;0
274;2022;58;9999;4;2;2;0;-1;0;0;0;1;54;0;14;0;0;2;2;1;6;4064;236;216;0;0
348;2021;49;9999;2;1;0;12;0;0;0;0;0;51;0;1;1;0;2;1;0;0;763;0;0;2;0
417;2021;49;9999;3;0;1;0;0;0;0;0;0;64;0;1;5;2;1;0;0;0;1407;67;262;0;0
436;2021;32;9999;7;2;1;2;1;0;0;0;0;66;0;11;92;35;16;1;3;7;6795;0;815;0;0
499;2021;59;9999;5;2;2;5;4;0;0;1;0;62;0;11;24;9;3;3;1;2;5545;0;463;0;0
622;2021;11;9999;2;0;1;0;0;0;0;0;0;73;0;2;0;0;7;4;0;0;2059;0;55;0;0
846;2021;27;9999;7;0;0;0;1;0;0;0;0;59;0;4;6;3;5;3;0;1;3835;0;0;0;0
988;2021;57;9999;10;4;2;16;5;0;0;0;0;65;0;22;2;1;13;1;3;5;7720;52;707;0;0
995;2021;59;9999;7;0;1;15;1;0;0;0;0;59;0;5;5;1;4;2;1;2;3650;37;152;3;2
997;2022;58;9999;5;0;2;2;-2;0;0;0;0;57;0;8;0;0;3;1;3;24;6431;0;670;0;0
1000;2021;55;9999;17;1;8;0;-8;0;5;0;1;61;0;28;0;0;22;3;5;20;17662;2727;1170;0;0
1003;2021;9;9999;24;2;4;2;-1;0;0;2;1;59;0;12;19;10;22;18;8;3;13373;0;1344;0;0
1003;2022;55;9999;5;1;1;0;0;0;0;0;0;63;0;11;24;10;6;2;1;1;4665;0;697;0;0
2141;2021;55;9999;17;0;3;11;-2;0;0;0;0;60;0;26;0;0;19;10;11;12;16704;0;2022;1;1
2143;2021;43;9999;3;0;0;0;-2;0;0;0;0;56;0;3;3;2;2;0;0;1;2230;0;196;0;0
2159;2021;47;9999;10;0;5;0;-3;0;0;0;0;63;0;11;24;10;24;10;6;9;9644;0;735;0;0
2160;2021;50;9999;4;0;2;0;1;0;0;0;0;69;0;13;0;0;0;0;0;6;3955;20;396;0;0
2173;2021;50;9999;4;0;0;2;0;0;0;0;0;52;0;2;0;0;4;4;1;7;3855;0;304;0;0
2189;2021;56;9999;3;0;1;0;0;0;0;0;0;62;0;2;0;0;7;1;1;5;3277;0;671;0;0
2198;2021;46;9999;7;1;1;12;-1;0;0;0;0;54;1;4;9;5;7;1;0;3;3225;0;8;0;0
2214;2021;37;9999;12;2;3;0;-3;0;0;0;1;65;0;17;3;2;15;1;5;3;8889;62;1230;0;0
2227;2021;47;9999;7;1;2;0;1;0;0;0;0;65;0;11;5;2;5;1;1;9;4477;300;92;0;0
2231;2021;56;9999;3;0;0;0;0;0;0;0;0;65;0;3;0;0;3;0;3;10;3065;263;704;0;0
2235;2021;50;9999;6;1;3;0;2;0;0;0;0;61;0;11;10;6;9;2;5;0;5694;0;0;0;0
2238;2021;39;9999;14;2;6;2;1;0;0;0;0;71;1;29;0;0;9;5;5;13;15495;746;1868;0;0
2238;2022;39;9999;9;2;1;4;7;0;0;0;0;69;0;22;0;0;2;2;3;7;8501;59;1081;0;0
2249;2021;43;9999;2;0;0;0;-2;0;0;0;0;54;0;1;3;1;3;0;0;0;884;0;148;0;0
2263;2021;49;9999;4;0;0;0;-2;0;0;0;0;68;0;8;60;37;5;0;0;2;2782;1057;17;0;0
2317;2021;43;9999;2;0;0;0;-2;0;0;0;0;63;0;2;0;0;2;0;1;2;1962;0;169;0;0
5830;2022;123;9999;13;1;3;2;1;1;0;0;0;55;1;9;5;3;7;2;1;1;5070;796;109;0;0
5855;2021;11;9999;7;2;0;4;-1;1;0;0;0;61;0;5;50;21;7;4;2;1;5683;594;24;0;0
243;2021;47;9999;10;4;5;0;12;0;0;0;0;61;1;16;1;0;29;4;5;5;9150;0;8;0;0
2162;2021;32;9999;2;0;0;0;0;0;0;0;0;55;0;1;0;0;1;1;1;0;741;0;104;0;0
2162;2022;57;9999;4;0;0;5;-2;0;0;0;0;48;0;3;0;0;3;3;0;0;1613;21;0;1;0
2175;2021;55;9999;7;0;0;12;0;0;0;0;0;54;0;3;0;0;6;0;1;3;3588;6;379;0;0
2213;2021;43;9999;4;0;1;15;-5;0;0;0;0;52;0;6;3;2;3;2;1;0;2911;86;196;0;0
2;2021;17;9999;7;0;1;0;-3;0;0;0;0;61;0;8;81;45;4;8;3;0;6255;138;158;0;0
2;2022;17;9999;13;4;1;2;-1;0;0;1;0;59;2;16;123;58;6;10;5;1;9977;0;462;0;0
2;2023;17;9999;21;6;10;0;5;0;0;0;0;64;0;22;224;101;19;21;27;2;20829;0;0;0;0
2;2024;17;9999;14;2;3;6;3;0;0;0;0;63;1;17;168;70;18;8;7;4;13654;0;1196;0;0
4;2023;48;9999;11;0;2;2;4;0;0;0;0;59;0;8;3;1;2;1;5;5;4932;80;0;0;0
27;2021;18;9999;11;5;1;4;5;0;0;0;0;61;1;18;120;59;6;8;6;1;8106;154;60;0;0
27;2022;18;9999;27;2;2;2;-5;0;0;0;0;60;0;8;18;9;32;17;11;6;14458;968;120;0;0
27;2023;60;9999;1;0;0;0;-1;0;0;0;0;58;0;4;1;0;2;0;1;0;458;153;0;0;0
31;2021;49;9999;4;1;0;6;-3;0;0;0;0;59;0;8;7;4;11;3;1;3;2837;0;249;0;0
49;2021;9;9999;24;5;8;6;8;0;1;1;4;58;2;31;0;0;25;7;10;5;23408;104;1991;0;0
49;2022;9;9999;13;3;0;4;-3;0;0;0;0;56;0;27;0;0;17;5;4;3;13939;139;379;0;0
50;2021;12;9999;6;3;1;0;-4;1;1;0;0;65;0;4;66;32;6;3;5;2;4886;416;19;0;0
50;2022;12;9999;5;3;1;5;1;1;1;0;0;62;1;6;29;14;3;3;2;1;2679;447;0;0;0
56;2023;32;9999;1;0;0;0;-1;0;0;0;0;60;0;2;2;1;3;0;0;0;866;36;79;0;0
88;2021;1;9999;14;1;0;6;3;0;0;1;0;56;1;16;0;0;14;1;4;11;17352;55;444;0;0
88;2022;1;9999;19;1;2;4;-3;0;0;0;0;54;1;23;0;0;24;4;5;11;17031;14;419;0;0
88;2023;33;9999;1;0;0;0;-1;0;0;0;0;65;0;0;0;0;3;0;0;0;997;0;0;0;0
116;2022;16;9999;6;0;4;4;4;0;0;0;0;58;0;8;0;0;10;0;1;10;6677;0;883;0;0
116;2023;3;9999;5;0;3;0;-3;0;0;0;0;55;0;2;0;0;5;3;1;10;4875;0;250;0;0
116;2024;36;9999;1;0;0;2;0;0;0;0;0;69;0;3;0;0;1;0;0;1;1037;27;0;0;0
123;2021;16;9999;2;0;0;0;0;0;0;0;0;55;0;0;0;0;5;0;1;0;1967;0;10;0;0
123;2022;16;9999;5;0;1;2;2;0;0;0;0;56;0;3;0;0;5;2;4;4;4944;0;199;0;0
165;2021;14;9999;16;1;4;2;0;0;0;0;0;61;1;3;0;0;9;9;4;3;8537;66;0;0;0
179;2021;5;9999;6;2;1;2;4;1;0;0;0;64;1;15;0;0;6;1;3;6;7165;334;89;0;0
179;2022;5;9999;11;0;4;0;3;0;0;0;0;60;0;11;0;0;11;0;4;14;11271;164;508;0;0
183;2022;5;9999;11;5;4;2;1;0;0;0;0;70;1;20;0;0;21;7;6;9;10561;124;100;0;0
196;2021;18;9999;11;0;5;2;1;0;0;0;0;69;0;13;7;4;20;6;1;3;10234;466;50;0;0
196;2022;18;9999;28;2;3;4;-4;0;0;0;0;59;1;15;227;105;12;11;11;6;16295;941;124;0;0
196;2023;123;9999;5;0;1;0;-1;0;0;0;0;63;0;4;28;13;6;2;0;0;2269;1049;0;0;0
201;2021;30;9999;15;2;8;2;0;0;0;0;0;64;0;8;8;2;13;11;6;4;10813;117;509;0;0
208;2021;11;9999;7;0;3;2;0;0;0;0;0;67;0;9;100;47;5;3;4;2;6133;153;1070;0;0
208;2023;54;9999;16;4;3;10;1;1;0;0;0;65;0;20;207;102;18;6;9;8;14684;783;2259;0;0
222;2021;22;9999;7;1;3;4;2;0;0;0;0;70;0;10;0;0;13;3;2;1;6453;182;0;0;0
229;2021;27;9999;7;0;1;0;-1;0;0;0;0;60;0;2;2;1;3;1;2;1;3094;0;58;0;0
240;2021;11;9999;7;0;1;2;0;0;0;0;0;60;0;5;3;2;4;3;1;0;3662;6;1066;0;0
242;2021;17;9999;7;1;2;2;1;0;0;0;0;55;0;6;0;0;8;0;0;9;7315;35;692;0;0
242;2022;17;9999;3;1;0;2;0;0;0;0;0;57;0;9;0;0;3;2;2;7;2602;225;142;0;0
293;2021;22;9999;7;0;1;0;1;0;0;0;0;59;0;5;0;0;10;2;4;6;7162;0;746;0;0
293;2023;40;9999;5;0;1;5;-5;0;0;0;0;54;0;2;0;0;11;3;4;9;4437;0;969;1;0
314;2021;55;9999;17;8;8;6;-10;4;4;0;0;64;1;38;24;10;9;7;6;4;15209;2611;99;0;0
317;2021;32;9999;7;0;3;12;0;0;1;0;0;71;0;5;0;0;15;2;4;31;7974;1180;748;0;0
317;2022;46;9999;10;2;3;2;-2;0;0;1;0;64;0;12;0;0;5;1;4;31;9324;0;1283;0;0
321;2021;22;9999;5;0;2;2;-3;0;0;0;0;57;0;11;0;0;8;0;2;6;4971;0;156;0;0
330;2021;53;9999;4;2;2;0;-2;1;0;0;0;66;0;10;60;28;2;0;0;4;3841;392;342;0;0
331;2021;14;9999;21;0;5;12;5;0;0;0;1;55;0;23;0;0;21;1;9;15;24735;712;1789;0;0
331;2022;10;9999;7;1;2;6;1;0;0;0;0;58;1;16;0;0;11;0;3;4;9195;74;504;0;0
368;2022;37;9999;6;2;1;2;-1;1;0;1;0;61;0;20;0;0;6;0;1;9;6583;250;466;0;0
382;2022;54;9999;22;2;5;6;1;0;0;0;0;64;0;18;0;0;47;8;11;37;21494;16;2983;0;0
394;2021;57;9999;9;1;6;17;6;0;0;0;0;63;0;16;4;2;12;4;4;4;5430;0;616;0;0
395;2022;46;9999;1;0;0;0;-1;0;0;0;0;47;0;0;0;0;0;0;0;1;880;0;152;0;0
397;2021;57;9999;12;0;4;4;4;0;0;0;0;69;0;16;0;0;14;1;4;20;12598;123;1340;0;0
410;2021;60;9999;21;6;2;10;8;0;0;0;0;70;1;22;0;0;39;11;12;56;23946;275;2603;0;0
410;2022;18;9999;1;0;0;0;1;0;0;0;0;55;0;2;0;0;0;1;0;1;998;0;81;0;0
420;2021;22;9999;7;0;0;4;-4;0;0;0;0;62;0;4;1;0;11;4;1;0;5105;0;17;0;0
461;2022;46;9999;11;2;2;2;3;0;0;0;0;57;0;9;85;38;10;3;1;4;5135;0;833;0;0
470;2021;30;9999;27;2;4;2;-6;0;0;0;0;62;0;11;26;10;37;15;12;0;18814;120;1589;0;0
470;2022;30;9999;7;0;0;0;-1;0;0;0;0;65;0;5;0;0;20;8;2;0;6012;306;9;0;0
470;2023;9;9999;1;0;0;0;0;0;0;0;0;57;0;0;2;0;1;2;0;1;614;0;102;0;0
483;2022;46;9999;10;0;3;2;1;0;0;0;0;63;0;12;0;0;5;1;9;10;10190;689;1182;0;0
485;2023;3;9999;5;1;1;0;0;0;0;0;0;61;0;4;1;1;4;4;2;0;4362;0;495;0;0
493;2021;20;9999;20;6;5;4;2;0;0;1;2;60;0;30;171;85;12;21;8;1;13053;468;1202;0;0
493;2023;9;9999;13;1;1;0;-3;0;0;0;0;60;0;11;71;33;15;5;7;1;6729;398;73;0;0
505;2023;32;9999;16;4;6;0;-1;1;3;0;0;62;0;29;8;3;14;3;1;5;8220;2076;0;0;0
548;2021;55;9999;16;6;9;4;-9;4;3;0;0;65;1;47;7;3;19;6;2;6;14267;2699;372;0;0
548;2022;39;9999;24;3;7;4;-4;1;0;0;0;58;0;39;0;0;18;9;0;10;16619;978;0;0;0
558;2022;56;9999;9;1;1;4;-2;0;0;0;0;60;0;15;0;0;12;0;3;1;5844;0;0;0;0
561;2021;38;9999;20;1;11;9;-2;0;3;0;0;68;1;42;0;0;11;14;12;48;21681;3809;946;1;1
561;2022;58;9999;5;0;1;2;-3;0;0;0;0;61;0;9;0;0;12;1;3;21;5894;320;198;0;0
563;2023;14;9999;7;2;0;0;-2;0;0;0;0;60;0;12;7;4;7;2;2;1;3615;0;257;0;0
583;2021;9;9999;24;5;4;2;0;0;0;0;3;61;2;21;221;116;14;10;8;2;13488;529;1230;0;0
592;2021;37;9999;12;1;2;2;-5;0;1;0;0;62;0;41;0;0;10;5;3;9;10931;2002;0;0;0
592;2022;123;9999;14;3;3;18;6;1;1;0;0;64;0;32;174;79;24;9;1;7;13126;2422;50;0;0
597;2021;14;9999;21;4;7;8;-1;0;0;2;1;64;1;20;67;35;42;13;11;4;13626;183;2020;0;0
602;2022;58;9999;5;0;2;2;-4;0;0;0;0;60;0;4;0;0;8;1;0;4;5171;0;303;0;0
621;2021;30;9999;27;6;3;4;-3;0;0;0;0;61;1;25;127;71;18;11;6;2;16208;134;364;0;0
621;2023;123;9999;5;0;0;2;0;0;0;0;0;63;0;13;3;2;9;3;3;0;4314;136;232;0;0
630;2023;9;9999;1;0;0;0;0;0;0;0;0;64;0;1;8;4;0;1;0;1;603;0;108;0;0
637;2022;37;9999;4;0;1;0;-1;0;0;0;0;63;0;2;0;0;3;0;2;8;4114;17;230;0;0
637;2021;49;9999;3;0;0;2;-2;0;0;0;0;68;0;3;0;0;4;1;3;8;3055;0;458;0;0
642;2021;22;9999;7;1;1;4;1;0;0;0;0;61;0;21;0;0;9;0;1;7;8556;188;430;0;0
712;2022;39;9999;24;2;7;6;-3;0;0;0;0;61;0;36;110;60;72;9;5;13;22951;255;2804;0;0
798;2022;5;9999;11;0;1;0;-2;0;0;0;0;60;0;19;3;2;21;9;1;4;6416;0;153;0;0
798;2023;54;9999;16;2;7;18;4;0;0;0;0;64;1;32;18;9;38;12;3;5;14730;311;1244;0;0
821;2021;30;9999;27;7;7;2;-7;0;1;0;0;63;2;26;5;0;39;17;9;4;17711;905;53;0;0
821;2022;30;9999;1;0;0;0;0;0;0;0;0;56;0;0;0;0;2;2;0;0;602;0;0;0;0
898;2021;39;9999;14;5;6;2;-1;2;3;0;0;65;0;38;16;4;11;9;5;3;15386;2415;1295;0;0
898;2022;123;9999;14;1;6;4;-5;0;0;0;0;59;0;21;11;3;19;12;5;5;13912;942;816;0;0
950;2022;5;9999;10;1;3;0;1;0;0;0;0;58;0;14;58;23;3;3;2;2;5069;107;120;0;0
950;2023;17;9999;4;0;0;0;-1;0;0;0;0;55;0;3;4;0;2;5;2;1;1940;138;90;0;0
990;2021;57;9999;12;4;8;0;6;0;0;0;0;74;0;27;165;97;34;8;5;11;11428;364;957;0;0
990;2022;12;9999;1;0;0;0;-1;0;0;0;0;56;0;0;9;1;0;0;2;0;354;0;36;0;0
1008;2021;54;9999;6;1;0;2;0;0;0;0;0;69;0;12;0;0;7;4;3;16;7470;726;373;0;0
1008;2022;54;9999;3;0;1;0;2;0;0;0;0;68;0;8;0;0;3;1;0;4;2707;572;157;0;0
1178;2021;11;9999;7;0;0;2;0;0;0;0;0;65;0;2;0;0;14;5;0;0;5012;174;0;0;0
1182;2021;56;9999;5;0;0;0;-4;0;0;0;0;53;0;7;5;3;2;0;1;4;2291;299;25;0;0
1455;2023;33;9999;2;0;0;0;1;0;0;0;0;63;0;2;0;0;8;0;1;3;1780;0;259;0;0
2158;2021;47;9999;10;1;1;0;-3;0;0;0;0;69;0;16;0;0;16;2;3;15;7599;1806;0;0;0
2172;2021;59;9999;6;1;2;2;-1;0;0;0;1;70;0;9;60;29;9;1;5;9;4624;0;532;0;0
2174;2021;39;9999;12;3;5;2;4;0;0;0;0;61;1;23;13;7;7;3;4;3;10028;85;48;0;0
2197;2021;53;9999;2;0;0;0;-3;0;0;0;0;49;0;0;0;0;2;0;1;1;1744;0;209;0;0
2199;2021;57;9999;1;0;1;0;3;0;0;0;0;69;0;0;0;0;0;0;1;2;986;0;153;0;0
2209;2021;39;9999;11;0;2;0;-2;0;0;0;0;54;0;8;13;8;3;5;1;9;5250;12;65;0;0
2209;2022;39;9999;25;3;5;8;-4;0;0;0;0;58;0;33;42;24;11;10;6;24;21704;101;1594;0;0
2223;2021;53;9999;4;1;3;2;-3;0;2;0;0;62;0;9;1;1;6;2;2;5;3942;392;0;0;0
2253;2021;53;9999;3;0;1;0;-5;0;0;0;0;50;0;6;0;0;3;0;0;0;3358;0;98;0;0
2257;2021;50;9999;4;0;1;0;0;0;0;0;0;66;0;2;0;0;6;1;2;7;3884;152;491;0;0
2309;2021;47;9999;6;2;1;2;4;0;0;0;0;59;1;13;0;0;6;3;1;11;5958;195;136;0;0
2325;2022;54;9999;1;0;0;0;0;0;0;0;0;56;0;0;5;4;0;0;0;0;372;0;0;0;0
2325;2021;54;9999;6;0;0;0;-2;0;0;0;0;57;0;3;53;29;9;0;0;1;2930;56;183;0;0
2332;2021;49;9999;3;0;0;2;0;0;0;0;0;70;0;5;0;0;0;2;0;5;3276;238;183;0;0
4168;2021;39;9999;12;2;3;8;-7;0;1;0;0;70;0;32;0;0;3;8;2;30;14958;1938;645;0;0
4233;2022;59;9999;7;4;5;9;-1;0;2;0;0;79;2;15;102;49;4;2;3;12;6579;332;494;1;0
5829;2021;20;9999;20;2;3;0;2;0;0;1;1;61;0;10;0;0;20;12;9;0;10984;179;802;0;0
5829;2022;17;9999;13;3;5;0;-1;0;2;0;0;74;0;16;0;0;31;15;6;1;11923;2143;0;0;0
5851;2021;14;9999;9;0;4;2;0;0;0;0;0;62;0;8;0;0;9;3;0;0;6075;0;0;0;0
5853;2023;36;9999;1;1;0;0;0;0;0;0;0;68;0;4;0;0;2;0;0;0;789;126;0;0;0
5856;2021;11;9999;7;1;2;0;2;0;0;0;1;62;0;5;8;5;4;2;2;0;3773;140;246;0;0
3;2021;20;9999;20;6;7;4;-2;1;1;0;1;66;2;27;265;143;17;18;12;1;19728;2629;717;0;0
3;2022;20;9999;27;9;5;4;1;2;0;0;0;63;1;37;317;154;29;32;12;7;25632;1396;942;0;0
3;2023;20;9999;6;0;2;0;-3;0;1;0;0;62;0;8;0;0;7;3;1;1;2419;1183;0;0;0
33;2022;59;9999;7;0;1;2;0;0;0;0;0;60;0;8;1;1;14;4;2;4;6112;0;781;0;0
62;2021;30;9999;27;2;9;8;11;0;0;0;0;60;1;30;0;0;29;1;4;48;27661;333;1566;0;0
62;2022;30;9999;7;0;1;0;-3;0;0;0;0;59;0;11;0;0;14;1;3;15;7270;26;105;0;0
62;2023;30;9999;6;0;1;4;3;0;0;0;0;59;0;11;0;0;9;2;3;7;6377;38;109;0;0
73;2021;31;9999;14;3;3;6;1;0;0;1;1;60;0;30;144;74;7;17;3;2;11043;34;2314;0;0
73;2022;31;9999;10;2;2;0;-6;0;0;0;0;54;0;11;82;38;10;5;2;0;6080;0;66;0;0
96;2021;57;9999;4;0;0;2;-2;0;0;0;0;57;0;4;15;7;4;2;0;0;1367;679;40;0;0
96;2022;57;9999;4;0;3;4;-1;0;0;0;0;57;0;8;6;5;4;1;0;0;3083;0;181;0;0
133;2022;16;9999;6;2;3;2;-2;0;1;0;0;66;0;14;0;0;20;6;1;1;5485;203;277;0;0
133;2023;60;9999;12;4;1;2;2;1;0;0;0;65;0;31;1;0;11;2;1;9;10644;1233;842;0;0
178;2023;33;9999;1;0;0;0;-1;0;0;0;0;73;0;2;0;0;0;0;1;5;1015;191;23;0;0
180;2022;57;9999;4;1;1;0;1;0;0;0;0;67;0;6;54;27;5;2;4;4;3306;309;156;0;0
180;2023;48;9999;1;0;0;0;0;0;0;0;0;54;0;0;0;0;0;0;0;0;352;0;0;0;0
195;2022;19;9999;1;0;0;0;-1;0;0;0;0;54;0;1;0;0;2;1;0;0;976;0;139;0;0
195;2023;123;9999;5;0;1;2;-2;0;0;0;0;58;0;8;0;0;7;4;7;11;5307;119;338;0;0
202;2023;54;9999;15;4;6;2;-2;3;5;0;0;66;0;36;2;0;10;10;7;8;15069;2412;804;0;0
213;2021;11;9999;7;0;0;6;-3;0;0;0;0;57;0;4;0;0;7;0;5;4;8202;0;380;0;0
239;2021;5;9999;6;1;1;0;-3;0;0;0;0;53;0;7;0;0;4;1;1;5;6142;0;476;0;0
239;2022;9;9999;2;0;1;0;2;0;0;0;0;61;0;3;0;0;1;0;0;4;1646;0;237;0;0
239;2023;9;9999;11;1;2;6;1;0;0;0;0;58;0;17;0;0;19;3;5;11;11253;11;480;0;0
260;2023;53;9999;5;2;0;6;1;0;0;0;0;54;1;5;0;0;22;3;0;0;2773;0;0;0;0
486;2022;33;9999;2;0;0;0;-1;0;0;0;0;54;0;3;0;0;4;1;1;3;1724;0;179;0;0
808;2021;20;9999;20;1;5;8;0;0;0;0;1;55;0;18;0;0;20;3;4;19;19282;210;1141;0;0
850;2021;5;9999;6;0;4;2;2;0;0;0;0;66;0;4;3;1;7;4;3;0;5400;143;129;0;0
850;2022;5;9999;11;3;2;6;-3;0;0;0;0;60;0;14;2;0;16;15;7;7;8773;0;133;0;0
1093;2022;62;9999;5;0;2;0;5;0;0;0;0;68;0;10;0;0;5;1;5;6;5866;0;382;0;0
1093;2021;43;9999;4;0;1;0;-3;0;0;0;0;65;0;9;0;0;0;1;6;4;4310;73;551;0;0
2170;2021;53;9999;4;0;1;0;0;0;0;0;0;55;0;3;7;3;5;2;0;1;3064;0;72;0;0
2170;2022;33;9999;3;0;2;0;-1;0;0;0;0;63;0;5;13;5;5;0;0;0;1847;0;410;0;0
2205;2021;50;9999;6;2;3;2;1;0;1;0;0;65;0;11;7;3;1;1;2;4;5203;547;282;0;0
37;2023;30;9999;14;1;0;0;0;0;0;0;0;57;0;7;89;36;9;10;2;3;7339;0;347;0;0
37;2024;50;9999;7;1;2;12;-4;0;0;0;0;53;0;4;2;0;7;5;1;2;3460;0;243;0;0
87;2024;58;9999;1;0;0;0;0;0;0;0;0;47;0;0;0;0;0;0;0;0;402;0;0;0;0
97;2022;0;9999;5;3;2;2;-1;1;0;0;0;69;0;10;0;0;9;6;4;1;5062;558;0;0;0
99;2021;22;9999;7;4;2;6;0;1;1;0;0;68;1;17;102;57;7;8;2;2;6614;1194;949;0;0
99;2023;21;9999;7;2;1;0;0;0;0;0;0;60;0;9;70;40;1;3;1;0;5738;0;368;0;0
105;2021;5;9999;6;1;4;2;-4;1;1;0;0;63;0;17;0;0;5;0;7;7;6811;1181;125;0;0
105;2022;5;9999;11;0;6;2;-5;0;3;0;0;65;0;26;0;0;13;2;6;7;14244;707;250;0;0
105;2025;31;9999;18;1;6;4;7;0;1;0;0;62;1;30;0;0;23;5;12;21;19005;623;502;0;0
113;2022;27;9999;5;0;2;0;-5;0;1;0;0;59;0;2;73;32;5;6;3;0;4669;708;15;0;0
113;2023;27;9999;6;2;3;0;-1;0;0;0;0;59;0;5;49;25;1;2;2;0;3400;0;7;0;0
130;2021;22;9999;7;0;2;2;1;0;0;0;0;73;0;2;0;0;18;8;2;2;7041;148;0;0;0
130;2023;18;9999;13;0;4;0;-8;0;1;0;0;65;0;13;18;11;24;9;7;3;8824;224;129;0;0
130;2024;26;9999;7;1;3;2;-2;1;1;0;0;65;0;9;3;1;6;6;1;4;5056;1012;52;0;0
131;2023;27;9999;6;2;3;2;0;0;0;0;0;69;0;13;0;0;15;5;2;2;5588;269;108;0;0
131;2024;1;9999;7;2;2;2;1;0;1;0;0;69;0;22;0;0;9;7;1;0;7605;495;8;0;0
139;2021;18;9999;11;1;5;2;-1;0;0;0;0;63;0;9;0;0;15;8;3;1;8399;45;50;0;0
139;2022;10;9999;7;0;5;2;0;0;0;0;0;66;0;9;0;0;10;5;5;1;6726;733;0;0;0
139;2023;10;9999;14;3;6;0;-2;0;0;0;0;62;2;12;0;0;13;13;5;6;14216;310;15;0;0
139;2024;54;9999;1;0;2;0;2;0;0;0;0;59;0;1;0;0;0;0;0;0;571;0;0;0;0
141;2021;22;9999;7;1;1;2;-4;0;0;0;0;56;1;7;0;0;10;0;1;3;7553;165;234;0;0
141;2023;10;9999;14;0;2;2;-11;0;0;0;0;60;0;31;0;0;29;8;13;15;18648;413;807;0;0
141;2025;32;9999;11;2;5;10;-9;0;2;0;0;58;1;32;0;0;28;4;3;17;11929;2412;895;0;0
154;2023;17;9999;15;0;5;6;-4;0;1;0;0;56;0;21;0;0;15;3;6;33;16027;550;361;0;0
154;2024;43;9999;10;1;1;0;-7;0;0;0;0;52;0;7;0;0;10;5;4;19;10458;0;877;0;0
164;2021;1;9999;14;0;5;6;6;0;0;0;0;62;0;45;0;0;22;4;9;14;18806;173;1103;0;0
164;2022;1;9999;19;1;5;4;7;0;0;0;0;61;0;35;0;0;25;3;10;18;23190;538;542;0;0
164;2023;14;9999;7;0;0;0;3;0;0;0;0;63;0;13;0;0;12;2;5;5;6550;0;800;0;0
164;2024;9;9999;2;0;1;0;0;0;0;0;0;58;0;4;0;0;1;0;2;1;2582;3;198;0;0
164;2025;48;9999;3;0;0;2;-1;0;0;0;0;52;0;8;0;0;6;1;0;1;2874;0;287;0;0
182;2021;12;9999;1;0;0;0;-1;0;0;0;0;46;0;0;0;0;1;0;0;2;895;0;13;0;0
182;2022;12;9999;6;0;1;2;-1;0;0;0;0;59;0;11;0;0;3;1;3;9;6727;351;393;0;0
182;2025;3;9999;1;0;1;0;2;0;0;0;0;57;0;2;0;0;0;1;0;2;860;0;67;0;0
187;2022;31;9999;18;4;5;12;2;0;0;0;0;65;1;19;218;129;18;13;8;7;14772;320;2355;0;0
187;2023;31;9999;12;0;3;6;-9;0;0;0;0;61;0;9;152;87;6;7;8;6;10049;19;1353;0;0
187;2025;57;9999;1;0;1;0;0;0;0;0;0;59;0;1;9;2;1;0;0;0;499;0;43;0;0
214;2021;31;9999;14;1;4;4;-1;0;0;0;0;63;1;14;63;28;17;8;7;1;11988;329;59;0;0
214;2022;31;9999;18;0;8;4;0;0;0;0;0;64;0;17;34;18;20;15;10;3;14318;466;1242;0;0
238;2021;14;9999;9;1;1;0;-4;0;0;0;0;55;0;4;0;0;5;0;2;12;7378;0;652;0;0
238;2023;48;9999;11;1;2;2;0;0;0;0;0;61;0;9;0;0;21;4;6;20;9905;0;1184;0;0
238;2024;48;9999;13;0;1;25;2;0;0;0;0;61;0;13;0;0;93;7;3;11;13008;26;693;1;1
306;2021;1;9999;14;2;3;4;3;0;0;0;0;62;0;9;11;8;12;4;3;3;5887;23;1101;0;0
306;2022;1;9999;19;3;4;0;-1;0;0;0;0;59;0;13;1;1;26;20;3;2;13020;0;120;0;0
313;2021;14;9999;21;1;5;2;-7;0;0;0;0;60;0;9;13;8;27;11;8;0;15878;86;159;0;0
313;2022;14;9999;7;0;3;0;0;0;0;0;0;66;0;2;6;4;14;6;5;2;5551;0;225;0;0
324;2022;33;9999;5;0;2;4;1;0;0;0;0;76;0;10;0;0;4;0;2;12;4535;1067;444;0;0
347;2022;25;9999;6;0;0;0;-2;0;0;0;0;59;0;4;0;0;8;3;1;0;3744;46;20;0;0
347;2023;60;9999;12;5;7;4;2;0;4;0;0;71;0;46;4;0;30;7;2;2;11207;3085;0;0;0
359;2021;12;9999;6;2;3;2;-3;1;1;0;0;65;1;9;3;0;6;4;4;1;4488;389;48;0;0
359;2022;12;9999;6;0;1;0;0;0;0;0;0;61;0;7;3;2;7;4;0;0;4693;0;9;0;0
359;2024;57;9999;9;1;3;4;-3;0;0;0;0;61;0;17;3;1;11;4;2;1;7784;26;1376;0;0
375;2022;33;9999;6;0;0;2;-2;0;0;0;0;63;0;11;11;7;9;2;2;6;5475;0;450;0;0
385;2021;46;9999;18;1;8;0;1;0;0;0;0;71;0;27;0;0;24;6;12;20;21386;184;1835;0;0
385;2021;29;9999;2;0;0;0;-1;0;0;0;0;52;0;1;0;0;0;0;1;0;455;35;42;0;0
385;2024;53;9999;12;0;4;14;-4;0;0;0;1;71;0;16;0;0;18;2;6;33;13948;1102;1567;0;0
390;2021;16;9999;5;0;2;2;-4;0;0;0;0;59;0;2;63;36;7;1;0;1;3785;17;52;0;0
390;2022;16;9999;6;2;2;4;3;0;0;1;0;64;0;5;57;29;8;4;1;3;4306;0;414;0;0
390;2023;9;9999;13;0;4;10;0;0;0;0;0;59;0;5;31;18;8;6;5;9;6094;71;1192;2;0
390;2024;33;9999;7;0;0;0;-6;0;0;0;0;64;0;10;9;0;20;4;4;5;6704;1250;0;0;0
393;2023;57;9999;19;1;3;4;14;0;0;0;0;69;0;14;0;0;19;3;10;46;21318;18;1178;0;0
406;2021;27;9999;7;0;2;0;-1;0;0;0;0;67;0;5;4;4;15;5;3;1;6437;110;255;0;0
406;2024;25;9999;7;0;0;0;-2;0;0;0;0;60;0;5;63;32;4;2;4;2;4207;0;921;0;0
432;2022;56;9999;9;0;0;10;-1;0;0;0;0;58;0;3;45;10;23;1;2;5;3351;0;369;2;1
433;2021;17;9999;7;0;1;2;0;0;0;0;0;60;0;4;3;1;8;4;2;1;3687;22;0;0;0
460;2021;60;9999;21;4;6;26;6;0;0;0;0;59;0;40;13;8;22;9;5;3;15791;0;946;4;1
460;2022;60;9999;4;0;0;0;-2;0;0;0;0;56;0;3;2;0;0;0;1;0;1666;0;0;0;0
497;2021;56;9999;5;0;3;6;4;0;0;0;0;63;0;6;91;42;10;2;1;2;5250;0;213;0;0
559;2021;55;9999;17;3;4;4;3;0;0;0;0;57;1;13;8;2;20;7;6;4;13045;0;130;0;0
559;2022;33;9999;1;0;1;0;1;0;0;0;0;56;0;2;0;0;0;0;0;0;347;0;0;0;0
568;2021;57;9999;3;1;1;0;-1;0;0;0;0;67;0;4;25;16;2;0;1;0;1262;351;83;0;0
568;2023;48;9999;1;0;0;0;0;0;0;0;0;55;0;0;0;0;1;0;0;0;431;0;0;0;0
575;2022;39;9999;3;0;3;0;4;0;0;0;0;69;0;3;0;0;7;2;2;12;2874;115;118;0;0
575;2021;39;9999;8;0;3;6;-2;0;0;0;0;67;0;24;0;0;5;6;3;15;7839;888;420;0;0
578;2021;32;9999;7;1;1;20;1;0;0;0;0;67;0;12;25;10;20;1;4;4;6112;287;569;2;0
584;2021;29;9999;6;1;3;0;0;0;0;0;1;68;0;6;0;0;13;2;1;1;5038;0;171;0;0
584;2022;12;9999;6;1;0;0;-1;1;0;0;0;60;0;5;1;0;10;8;0;3;3343;267;155;0;0
584;2023;57;9999;22;7;8;2;12;0;0;0;0;69;0;45;11;3;35;11;9;14;21916;88;887;0;0
599;2022;33;9999;7;0;1;0;-2;0;0;0;0;54;0;6;0;0;7;4;4;7;7153;0;482;0;0
615;2021;19;9999;12;2;0;4;2;1;0;0;0;63;0;12;13;5;19;8;4;2;7446;14;758;0;0
615;2022;19;9999;14;2;2;2;-3;0;0;0;0;62;0;12;0;0;29;5;0;6;10167;0;0;0;0
624;2023;36;9999;1;0;0;0;0;0;0;0;0;59;0;2;11;8;1;1;0;0;702;0;62;0;0
644;2022;10;9999;7;1;1;0;0;0;0;0;0;63;0;9;0;0;13;4;0;3;5104;0;70;0;0
644;2023;56;9999;5;2;2;2;2;0;1;0;0;72;1;15;10;5;1;2;0;1;5233;793;233;0;0
661;2021;31;9999;14;0;6;2;0;0;2;0;1;57;0;19;0;0;18;2;2;15;14821;286;220;0;0
661;2022;123;9999;13;3;5;18;5;0;0;0;0;69;1;31;0;0;16;6;9;16;16333;787;572;0;0
702;2021;11;9999;2;0;0;0;-1;0;0;0;0;61;0;0;0;0;2;1;0;1;1964;12;0;0;0
743;2021;19;9999;12;1;3;0;-4;0;0;0;0;65;0;4;10;7;14;4;2;6;9699;101;887;0;0
743;2022;19;9999;14;0;1;4;-7;0;0;0;1;61;0;9;113;47;19;8;6;5;9664;35;1156;0;0
743;2023;48;9999;12;3;5;4;7;0;0;0;0;68;1;25;217;93;26;4;3;22;12668;0;1308;0;0
744;2021;17;9999;7;0;1;0;2;0;0;0;0;66;0;10;2;0;12;2;4;0;3368;22;676;0;0
744;2022;17;9999;3;0;3;0;2;0;0;0;0;63;0;2;3;1;4;1;1;0;1388;0;0;0;0
780;2021;1;9999;14;1;10;2;0;1;3;0;1;66;0;20;0;0;23;7;4;3;10438;2292;68;0;0
780;2022;1;9999;19;2;7;2;8;0;0;0;0;64;0;21;1;1;34;21;6;2;13877;485;42;0;0
780;2024;25;9999;1;0;0;0;0;0;0;0;0;65;0;2;0;0;1;0;0;0;447;0;18;0;0
787;2022;54;9999;22;2;9;12;10;1;2;0;0;69;2;36;0;0;36;5;8;37;24245;2720;1181;0;0
987;2022;40;9999;1;0;0;0;0;0;0;0;0;70;0;0;0;0;1;0;2;5;1383;0;84;0;0
987;2023;40;9999;1;1;0;0;2;0;0;1;0;78;0;2;0;0;1;0;2;5;894;0;251;0;0
1036;2024;54;9999;20;3;3;4;5;0;0;0;0;58;1;21;98;59;20;4;1;3;9015;0;2396;0;0
1036;2023;54;9999;15;2;1;24;-2;0;0;1;0;60;1;15;47;21;24;5;4;9;10484;0;1930;0;0
1037;2022;18;9999;7;0;0;2;-2;0;0;0;0;60;0;1;0;0;15;3;0;2;3481;0;30;0;0
1038;2021;46;9999;19;1;4;2;-5;0;0;0;0;68;0;43;260;144;22;14;11;18;17849;0;2139;0;0
1038;2022;46;9999;11;0;7;8;1;0;1;0;1;71;0;14;134;73;8;3;8;12;11551;785;1330;0;0
1039;2021;53;9999;4;0;1;12;-1;0;0;0;0;54;0;6;0;0;3;0;1;0;3000;0;0;0;0
1039;2022;33;9999;7;0;1;0;-1;0;0;0;0;60;0;13;5;1;14;2;2;5;4744;31;249;0;0
1060;2021;57;9999;9;1;4;0;2;0;0;0;0;66;1;15;13;7;11;4;1;0;6897;1609;0;0;0
1063;2021;46;9999;9;1;4;2;0;0;0;0;0;59;0;13;0;0;6;3;0;6;9457;0;344;0;0
1063;2022;123;9999;2;1;1;0;1;0;0;0;0;61;1;4;0;0;5;0;0;2;2110;0;61;0;0
1089;2024;58;9999;11;2;1;0;1;0;0;0;0;59;0;14;9;5;16;3;2;9;7647;0;1074;0;0
1162;2022;32;9999;1;0;0;2;0;0;0;0;0;59;0;0;0;0;0;0;0;2;747;0;141;0;0
1163;2023;54;9999;16;0;2;2;-7;0;0;0;1;56;0;16;20;8;23;12;8;5;9603;92;1947;0;0
1185;2022;33;9999;4;0;0;0;-2;0;0;0;0;54;0;0;4;1;1;0;0;2;1689;43;346;0;0
1193;2022;37;9999;2;0;1;0;0;0;0;0;1;68;0;2;0;0;1;0;0;3;2139;242;122;0;0
1196;2022;123;9999;14;1;3;0;-4;0;0;0;0;55;0;16;3;0;12;9;2;21;12925;117;1523;0;0
1197;2021;5;9999;6;0;0;0;-1;0;0;0;0;59;0;1;1;0;5;4;1;0;2952;121;0;0;0
1211;2021;38;9999;18;0;7;20;8;0;1;0;0;65;0;31;0;0;26;8;8;12;19386;539;715;0;0
1213;2022;62;9999;7;0;2;2;-4;0;0;0;0;67;0;13;0;0;12;0;5;10;7315;0;638;0;0
1229;2022;37;9999;6;1;1;2;-2;0;0;0;0;61;0;10;0;0;6;2;2;12;6615;0;630;0;0
1251;2021;53;9999;4;1;1;0;-2;0;0;0;0;62;0;2;3;1;5;1;1;2;3719;36;128;0;0
1267;2021;38;9999;13;5;0;2;8;0;0;0;0;68;2;22;0;0;17;5;8;15;12865;0;922;0;0
1295;2022;33;9999;7;1;3;0;-1;0;2;0;0;70;0;17;103;55;14;2;2;1;4635;1666;34;0;0
1378;2021;53;9999;4;0;0;2;-4;0;0;0;0;55;0;3;4;3;1;0;2;2;1971;0;212;0;0
1451;2022;39;9999;25;3;13;2;0;1;5;0;0;60;2;30;68;30;19;3;0;18;13621;1221;17;0;0
1452;2023;25;9999;12;0;0;0;-1;0;0;0;0;56;0;4;1;1;3;5;1;1;4190;0;0;0;0
1629;2022;62;9999;3;0;0;0;-1;0;0;0;0;58;0;4;0;0;4;2;1;0;2890;0;190;0;0
1689;2021;55;9999;16;4;4;22;7;0;0;0;0;69;2;26;242;123;39;8;10;9;15298;746;918;0;0
1965;2021;59;9999;7;1;0;0;0;0;0;0;0;58;1;4;4;3;5;1;3;2;3440;0;196;0;0
1966;2021;53;9999;4;0;0;2;1;0;0;0;0;62;0;1;0;0;8;3;1;8;4852;97;533;0;0
2006;2021;49;9999;4;0;0;4;-4;0;0;0;0;70;0;7;0;0;1;4;2;6;4191;1011;360;0;0
2009;2021;55;9999;17;3;3;13;4;0;0;1;0;65;1;23;18;10;41;7;7;25;13993;19;1162;1;0
2171;2023;62;9999;1;0;0;2;0;0;0;0;0;65;0;2;0;0;0;0;1;3;979;0;0;0;0
2171;2021;55;9999;17;2;4;4;4;0;0;0;0;68;0;26;0;0;23;8;8;45;20748;881;1926;0;0
2208;2021;43;9999;4;1;0;4;-5;0;0;0;0;61;0;6;64;30;4;0;2;2;3474;198;0;0;0
2228;2021;46;9999;5;1;1;0;1;1;0;0;0;73;0;2;0;0;1;0;3;9;4692;202;137;0;0
2255;2021;53;9999;4;0;3;0;-1;0;0;0;0;72;0;6;35;23;1;0;2;2;3160;105;0;0;0
2255;2022;46;9999;11;1;3;0;-1;1;0;0;0;61;1;16;7;5;5;4;5;6;8744;776;0;0;0
2260;2021;59;9999;4;0;0;0;-1;0;0;0;0;56;0;1;11;3;2;0;0;1;1890;131;0;0;0
2271;2021;47;9999;7;1;4;8;-1;0;1;0;0;68;0;14;4;1;8;2;1;7;5658;277;60;0;0
2271;2022;33;9999;7;4;0;2;-3;1;0;0;0;71;0;18;10;7;12;3;1;6;5787;1024;107;0;0
2284;2021;43;9999;3;0;1;0;-4;0;0;0;0;45;0;4;0;0;11;2;0;4;3364;86;546;0;0
2294;2022;54;9999;22;4;7;2;8;0;1;0;0;62;0;49;0;0;7;11;8;38;23711;1055;1479;0;0
2314;2021;55;9999;17;4;10;2;5;0;0;0;0;62;0;37;0;0;21;8;3;19;20769;201;1083;0;0
2314;2022;57;9999;1;0;0;0;0;0;0;0;0;64;0;3;0;0;1;0;0;1;1031;21;64;0;0
2321;2021;54;9999;6;0;1;2;-4;0;0;0;0;55;0;7;0;0;3;4;2;8;6475;0;424;0;0
2323;2021;32;9999;7;1;0;2;1;0;0;0;0;53;0;7;0;0;4;5;1;3;7590;26;412;0;0
2328;2022;46;9999;9;1;0;0;-1;0;0;0;0;52;0;6;0;0;10;7;2;6;8624;34;693;0;0
2330;2021;57;9999;11;2;2;0;-4;0;0;0;0;60;1;16;0;0;11;5;2;13;10717;50;886;0;0
2330;2022;32;9999;4;0;3;0;4;0;0;0;0;60;0;1;0;0;3;1;0;8;4057;0;336;0;0
2342;2021;46;9999;19;2;7;2;4;0;1;0;0;58;0;21;0;0;4;5;4;20;19531;1071;1205;0;0
2406;2021;32;9999;2;0;0;0;-1;0;0;0;0;65;0;2;0;0;3;1;0;8;2332;0;201;0;0
2407;2021;37;9999;6;1;0;0;-1;1;0;0;0;58;0;9;36;22;2;0;1;3;2690;244;46;0;0
2419;2021;39;9999;12;0;3;26;2;0;0;0;0;56;0;7;0;0;16;6;3;31;12647;135;1702;1;1
2427;2021;49;9999;4;0;1;2;1;0;0;0;0;54;0;5;0;0;4;0;1;4;3682;0;468;0;0
2437;2021;57;9999;4;0;0;2;-2;0;0;0;0;58;0;2;0;0;1;6;3;5;3735;0;191;0;0
2442;2021;54;9999;3;0;1;0;-1;0;0;0;0;71;0;3;0;0;0;0;1;3;3047;0;245;0;0
4403;2023;48;9999;11;0;5;2;8;0;1;0;0;70;0;13;0;0;10;4;7;10;12014;506;760;0;0
5849;2022;17;9999;12;1;2;4;-2;0;0;0;0;56;0;22;0;0;14;2;0;5;11279;123;1134;0;0
5849;2024;43;9999;10;0;4;0;-9;0;0;0;0;56;0;11;0;0;10;2;3;13;10823;72;631;0;0
53;2024;48;9999;5;1;1;0;-4;0;0;0;0;55;0;4;48;24;0;0;1;0;3290;520;0;0;0
92;2021;9;9999;24;7;10;18;9;0;0;0;0;64;0;64;13;4;53;30;6;7;24977;599;2629;0;0
92;2022;9;9999;13;2;10;4;-6;0;6;0;0;73;1;16;8;6;28;13;5;2;10346;2179;0;0;0
92;2024;53;9999;12;6;4;2;2;1;2;0;0;70;0;31;13;4;24;4;1;3;12081;2354;26;0;0
126;2024;53;9999;12;4;2;0;-6;0;0;0;0;57;1;24;1;1;15;3;1;3;9377;0;142;0;0
249;2021;27;9999;7;0;1;6;-1;0;0;0;0;66;0;1;7;4;13;0;1;2;6232;113;139;0;0
249;2022;27;9999;5;1;1;0;1;0;0;0;0;61;0;5;3;1;7;1;1;1;2685;0;332;0;0
249;2023;9;9999;14;0;2;2;-6;0;0;0;0;61;0;14;0;0;22;9;3;4;10287;44;353;0;0
269;2021;18;9999;11;0;0;2;-2;0;0;0;0;64;0;9;2;1;15;4;0;2;6776;535;67;0;0
269;2023;18;9999;4;1;0;0;2;0;0;0;0;57;0;4;1;1;4;3;0;0;1882;0;0;0;0
269;2024;18;9999;1;0;0;0;-1;0;0;0;0;55;0;0;4;1;1;0;0;0;617;0;0;0;0
409;2021;55;9999;17;6;6;6;1;3;5;0;0;75;2;48;238;132;6;6;9;10;13711;2612;222;0;0
620;2024;48;9999;6;1;0;0;-1;0;0;1;0;59;0;3;10;2;1;1;1;3;3163;0;663;0;0
620;2021;14;9999;5;0;2;0;2;0;0;0;0;65;0;3;0;0;5;1;1;0;2770;44;0;0;0
629;2021;60;9999;21;12;14;8;11;3;5;0;0;76;1;77;18;8;12;10;7;9;21831;2940;1363;0;0
629;2022;60;9999;5;2;4;2;1;0;1;0;0;73;0;11;0;0;9;2;0;2;4183;1145;169;0;0
629;2023;60;9999;11;1;3;0;-4;0;0;0;0;60;0;15;0;0;9;5;2;4;6222;93;0;0;0
629;2024;50;9999;7;1;0;0;-3;0;0;0;0;55;0;11;1;1;4;3;1;4;3519;414;0;0;0
646;2023;18;9999;2;0;0;0;0;0;0;0;0;57;0;0;1;0;0;0;1;0;600;27;0;0;0
784;2021;27;9999;7;2;1;2;2;0;0;0;0;68;0;12;99;46;6;7;5;1;6534;88;728;0;0
784;2022;27;9999;5;3;0;0;0;0;0;0;0;62;0;12;48;24;3;5;4;1;4087;154;0;0;0
810;2021;19;9999;12;2;5;0;-4;1;3;0;0;64;0;17;164;84;8;13;7;1;10628;1461;284;0;0
810;2022;19;9999;14;6;1;2;0;0;0;0;0;66;3;24;164;61;15;11;10;2;14436;226;582;0;0
810;2023;31;9999;3;1;1;0;0;0;0;0;0;61;0;3;36;16;1;1;1;0;2372;0;0;0;0
38;2022;19;9999;14;4;4;6;4;0;0;1;0;71;0;34;205;112;20;16;14;5;15185;2314;1165;0;0
38;2024;9;9999;13;0;1;0;-7;0;0;0;0;65;0;17;145;76;7;11;11;2;10669;536;1947;0;0
38;2025;31;9999;18;4;9;2;4;1;2;0;0;66;1;30;225;115;16;10;11;3;13869;2396;60;0;0
38;2026;8;9999;7;2;3;0;1;0;0;0;0;58;1;8;46;29;4;2;4;1;4062;11;171;0;0
46;2021;22;9999;7;0;5;2;2;0;2;0;0;72;0;10;5;3;19;6;1;0;6899;1280;33;0;0
46;2023;21;9999;7;3;4;0;2;0;0;0;1;64;0;14;68;44;7;6;5;2;6333;99;172;0;0
46;2025;44;9999;1;0;0;0;0;0;0;0;0;57;0;0;0;0;0;0;0;0;352;0;0;0;0
61;2021;9;9999;24;15;13;10;6;3;3;0;1;69;2;59;424;228;23;18;8;1;24475;3235;2947;0;0
61;2022;9;9999;13;2;8;6;3;0;3;0;0;62;0;18;166;104;7;14;5;0;11841;1198;40;0;0
61;2023;25;9999;12;2;4;6;2;0;0;0;0;66;0;14;10;8;22;12;2;2;12554;313;977;0;0
61;2024;30;9999;5;0;0;0;-4;0;0;0;0;53;0;2;38;18;3;3;0;1;3425;0;41;0;0
61;2025;9;9999;1;0;0;0;-1;0;0;0;0;55;0;0;0;0;1;0;0;0;566;0;0;0;0
70;2021;18;9999;9;2;2;10;1;1;0;1;0;61;0;28;0;0;12;1;4;4;11972;1114;889;0;0
70;2022;18;9999;28;4;14;18;-3;2;3;0;0;62;2;67;0;0;55;8;12;26;34934;3601;1087;0;0
70;2023;18;9999;14;0;2;0;1;0;0;0;1;60;0;35;0;0;16;4;6;16;16151;272;378;0;0
70;2024;30;9999;19;0;4;2;-12;0;0;0;0;58;0;40;0;0;27;2;9;12;18668;34;409;0;0
70;2025;31;9999;18;3;3;2;7;1;0;0;1;63;1;38;0;0;24;3;15;20;21996;731;1004;0;0
70;2026;31;9999;18;2;2;8;3;0;0;0;0;64;0;24;0;0;22;2;16;31;19599;138;1513;0;0
91;2021;14;9999;21;9;22;14;4;2;11;0;0;68;1;41;375;206;19;15;20;2;21533;3015;209;0;0
91;2022;14;9999;7;2;2;4;0;0;1;0;0;66;1;10;118;60;11;14;4;2;7250;1314;213;0;0
91;2023;14;9999;7;2;2;0;-4;0;0;0;0;61;1;14;75;38;8;5;4;2;7203;55;139;0;0
91;2024;14;9999;27;6;5;4;7;0;0;0;0;61;1;39;229;132;22;15;10;1;19959;0;848;0;0
91;2026;38;9999;12;2;3;6;0;0;0;0;0;66;0;28;196;108;10;2;1;2;11370;73;1254;0;0
114;2025;3;9999;7;0;1;0;-5;0;0;0;0;62;0;9;3;2;10;4;1;1;5350;113;355;0;0
114;2026;20;9999;4;0;1;0;-3;0;0;0;0;54;0;3;0;0;2;2;0;0;2038;31;0;0;0
119;2021;11;9999;7;0;0;6;-3;0;0;0;0;60;0;7;0;0;7;3;3;13;8328;135;750;0;0
119;2023;31;9999;21;3;4;6;3;0;0;0;0;56;1;33;0;0;17;5;9;31;20109;132;1442;0;0
119;2024;14;9999;27;1;6;9;-2;1;0;0;0;59;0;43;0;0;37;4;13;50;29914;256;502;0;0
119;2025;48;9999;3;1;0;0;0;0;0;0;0;73;0;5;0;0;9;0;2;15;3479;11;396;0;0
132;2024;30;9999;19;1;8;2;-4;0;0;0;0;61;1;11;8;4;22;7;3;4;12263;0;9;0;0
174;2021;9;9999;24;17;9;2;13;0;2;1;1;68;2;81;390;198;20;17;16;2;26765;2911;115;0;0
174;2022;9;9999;12;5;9;2;-3;0;3;0;0;66;1;32;179;115;17;18;6;3;11823;1993;0;0;0
174;2024;27;9999;7;0;2;0;-5;0;0;0;0;60;0;16;93;43;9;5;6;4;6531;1212;59;0;0
174;2026;25;9999;13;3;1;2;-7;0;0;0;0;62;0;25;3;2;19;6;4;0;6344;1945;0;0;0
226;2021;12;9999;6;0;1;2;0;0;0;0;1;59;0;4;0;0;3;0;3;12;6678;57;682;0;0
226;2022;12;9999;6;0;2;2;-1;0;0;0;0;54;0;10;0;0;4;2;1;7;6191;9;356;0;0
226;2024;7;9999;6;0;1;0;-1;0;0;0;0;55;0;5;0;0;4;1;2;17;6354;0;39;0;0
246;2021;31;9999;13;0;5;4;2;0;2;0;1;64;0;34;0;0;16;0;2;18;16446;1311;278;0;0
246;2022;31;9999;16;1;3;4;7;0;0;0;0;59;0;20;0;0;26;3;6;26;18866;447;1464;0;0
246;2023;31;9999;21;7;7;4;4;0;0;0;0;60;2;49;0;0;22;4;14;51;26303;92;1946;0;0
246;2024;31;9999;14;0;3;2;1;0;0;0;1;58;0;20;0;0;10;1;5;33;15841;0;744;0;0
246;2026;62;9999;21;2;4;7;-1;0;0;0;0;62;1;36;0;0;13;2;11;62;24016;258;1859;1;0
247;2022;59;9999;7;1;2;0;-2;1;0;0;0;59;0;10;0;0;8;4;2;5;6743;321;152;0;0
265;2025;32;9999;1;0;0;0;-1;0;0;0;0;60;0;0;0;0;1;0;1;0;830;0;54;0;0
296;2021;39;9999;14;0;5;8;2;0;0;0;0;74;0;21;0;0;10;5;5;28;14765;180;696;0;0
302;2022;17;9999;10;1;2;4;-6;0;0;0;0;58;1;8;71;33;12;7;3;1;5393;213;102;0;0
302;2024;41;9999;5;0;3;0;-2;0;0;0;0;70;0;6;12;8;8;1;1;1;5480;375;380;0;0
320;2021;29;9999;6;1;2;0;-1;0;1;0;0;61;0;4;6;3;15;5;1;0;3910;33;36;0;0
320;2024;38;9999;4;3;3;0;1;1;0;0;0;65;0;14;2;1;6;3;1;2;3546;1229;0;0;0
320;2025;38;9999;5;0;0;6;-3;0;0;0;0;59;0;8;5;3;5;2;1;0;4689;69;174;0;0
322;2025;53;9999;5;1;0;0;-4;0;0;0;0;58;0;5;21;15;13;3;3;5;4505;0;545;0;0
378;2021;9;9999;24;1;2;14;1;0;0;0;0;54;0;25;0;0;26;2;7;16;29207;167;488;0;0
378;2022;9;9999;12;0;4;4;5;0;0;0;0;58;0;11;0;0;21;6;14;15;11562;176;1233;0;0
378;2023;30;9999;7;0;0;0;0;0;0;0;0;59;0;9;0;0;11;1;5;11;7843;69;412;0;0
378;2025;60;9999;7;1;0;14;-2;0;0;0;0;63;0;7;0;0;11;0;4;10;8071;0;634;0;0
404;2021;27;9999;7;0;0;0;2;0;0;0;0;58;0;14;0;0;6;1;0;2;5574;0;341;0;0
425;2021;5;9999;6;0;2;2;-2;0;0;0;0;68;0;6;21;9;16;4;0;2;6055;106;454;0;0
425;2022;5;9999;11;4;3;2;-5;0;0;0;0;60;0;15;13;8;13;9;5;1;8764;0;243;0;0
425;2023;3;9999;5;0;0;0;-2;0;0;0;0;58;0;3;30;15;6;1;0;0;2703;0;182;0;0
425;2025;9;9999;1;0;0;0;0;0;0;0;0;54;0;0;0;0;0;0;0;0;375;0;0;0;0
426;2021;20;9999;20;1;1;10;-5;0;0;0;0;60;0;27;0;0;24;3;12;23;23677;30;441;0;0
426;2022;20;9999;27;0;7;8;3;0;0;0;1;61;0;41;0;0;43;11;12;43;29190;203;1172;0;0
426;2023;18;9999;14;0;2;4;1;0;0;0;0;58;0;19;0;0;15;4;7;18;15978;0;1211;0;0
426;2024;26;9999;7;2;0;2;-3;2;0;0;0;59;0;8;0;0;14;3;2;18;8124;310;702;0;0
426;2025;38;9999;4;1;0;0;-1;1;0;0;0;68;0;16;0;0;7;5;0;13;4573;566;227;0;0
435;2024;41;9999;5;1;2;0;-1;0;0;0;0;64;0;9;77;41;4;1;1;4;4807;202;390;0;0
464;2021;59;9999;6;1;1;0;-1;1;0;0;0;60;0;9;51;23;4;0;1;1;2940;631;146;0;0
464;2022;59;9999;7;3;3;4;1;1;2;0;0;64;0;9;91;48;1;2;0;4;4989;1209;0;0;0
503;2022;55;9999;5;0;2;4;-1;0;1;0;0;60;0;10;0;0;5;2;0;16;5780;405;517;0;0
503;2024;55;9999;1;0;0;0;-1;0;0;0;0;47;0;2;0;0;1;1;0;2;1031;0;118;0;0
560;2022;14;9999;7;1;1;0;0;0;0;0;1;61;0;14;0;0;7;1;0;8;7020;38;198;0;0
560;2023;57;9999;22;0;7;6;2;0;1;0;0;75;0;43;0;0;21;1;4;56;22176;5108;1124;0;0
560;2024;57;9999;10;1;3;2;-2;0;1;0;0;75;0;20;0;0;4;4;3;37;10379;1867;499;0;0
572;2021;31;9999;14;3;0;4;0;0;0;1;0;63;1;17;20;5;23;8;3;1;11337;34;395;0;0
572;2023;3;9999;5;0;0;0;-4;0;0;0;0;56;0;2;2;2;6;5;1;3;2525;16;40;0;0
572;2025;3;9999;2;0;0;0;-2;0;0;0;0;51;0;1;11;1;2;2;1;0;964;0;269;0;0
636;2022;25;9999;6;0;2;6;-1;0;0;0;0;59;0;5;0;0;5;1;1;13;6611;28;150;0;0
636;2023;60;9999;12;0;2;0;1;0;0;0;1;67;0;12;0;0;25;2;6;7;14472;143;1768;0;0
657;2022;62;9999;7;1;2;5;5;0;0;0;0;75;1;15;0;0;4;5;1;9;8921;529;348;1;0
657;2023;62;9999;6;1;3;0;4;0;0;0;0;74;0;16;0;0;6;1;3;12;6924;825;310;0;0
710;2021;5;9999;6;0;1;0;-2;0;0;0;0;60;0;8;53;28;4;2;2;0;4062;20;155;0;0
710;2022;5;9999;11;2;5;2;-2;0;0;0;0;60;0;6;111;62;7;9;5;5;8714;0;138;0;0
710;2023;33;9999;11;1;8;2;3;0;1;0;0;66;0;16;12;8;21;6;9;4;12417;716;426;0;0
710;2024;33;9999;6;1;1;0;-1;0;0;1;0;62;1;6;27;13;8;1;2;4;2736;0;306;0;0
745;2025;34;9999;15;2;5;6;3;0;1;1;0;72;0;25;0;0;6;7;1;23;14877;854;638;0;0
776;2021;46;9999;15;1;5;2;-2;0;0;0;0;66;0;19;0;0;8;2;3;22;16997;245;958;0;0
809;2021;12;9999;6;2;3;6;2;1;1;0;0;76;0;4;1;1;9;1;2;2;6387;671;0;0;0
809;2022;12;9999;6;1;3;2;-1;0;2;0;0;78;1;4;0;0;15;3;1;2;6158;701;0;0;0
855;2021;31;9999;14;2;2;2;1;0;0;1;0;69;0;8;39;17;25;4;6;0;10966;34;1977;0;0
855;2022;31;9999;18;0;3;2;-7;0;0;0;0;60;0;9;13;3;25;13;7;9;8522;4;2474;0;0
856;2022;14;9999;7;1;2;0;-2;0;0;0;0;59;0;9;0;0;14;1;2;6;7380;370;422;0;0
856;2023;48;9999;12;2;1;4;-2;0;0;0;0;61;1;13;0;0;9;11;9;14;13863;68;1417;0;0
856;2024;48;9999;12;1;1;2;-5;0;0;0;0;59;0;24;0;0;19;8;6;23;14784;0;1612;0;0
992;2023;10;9999;13;2;2;2;-5;0;0;0;0;60;1;13;1;1;12;8;4;1;6968;46;80;0;0
992;2025;57;9999;5;1;4;0;3;0;0;0;0;62;0;10;0;0;3;0;0;2;3862;21;0;0;0
993;2026;2;9999;7;0;2;2;-5;0;0;0;0;63;0;13;0;0;9;0;8;6;8643;144;564;0;0
1016;2021;54;9999;5;1;0;2;-3;0;0;0;0;66;0;11;0;0;3;6;1;7;5451;238;136;0;0
1016;2022;54;9999;22;0;7;0;6;0;1;0;0;75;0;56;0;0;7;8;18;27;24554;2149;1299;0;0
1034;2023;54;9999;2;0;0;0;-1;0;0;0;0;57;0;1;1;1;1;1;1;0;871;0;135;0;0
1052;2021;55;9999;17;0;9;0;-13;0;0;0;0;73;0;35;255;120;28;3;9;24;16681;375;1993;0;0
1055;2021;56;9999;3;0;0;2;-1;0;0;0;0;63;0;2;0;0;0;1;4;12;3150;112;564;0;0
1055;2022;56;9999;8;0;4;2;3;0;0;0;0;56;0;15;0;0;5;2;2;11;7583;162;410;0;0
1055;2023;38;9999;1;1;0;0;1;0;0;0;0;60;0;1;0;0;0;0;0;2;830;0;109;0;0
1084;2022;30;9999;7;1;2;0;5;0;0;0;0;63;1;4;1;0;14;9;3;3;4636;0;0;0;0
1084;2023;14;9999;7;0;2;2;1;0;0;0;0;59;0;2;3;0;8;4;1;0;3719;0;231;0;0
1092;2024;43;9999;10;1;2;4;-2;0;0;0;0;60;1;15;14;6;22;4;3;7;9564;0;402;0;0
1095;2021;46;9999;19;4;9;2;1;0;4;0;0;66;0;42;0;0;34;7;6;15;14304;3456;0;0;0
1105;2021;1;9999;14;2;5;2;2;0;1;0;1;60;1;6;21;8;22;11;1;1;6886;435;283;0;0
1105;2022;1;9999;19;0;6;2;0;0;0;0;0;59;0;3;3;2;30;12;3;2;11972;12;42;0;0
1114;2023;48;9999;11;1;4;0;0;0;2;0;0;66;0;34;0;0;4;9;4;11;9947;2784;716;0;0
1141;2021;9;9999;24;3;7;6;-3;1;0;1;0;62;0;23;9;2;22;21;1;1;13664;377;724;0;0
1141;2022;9;9999;13;2;1;2;0;0;0;1;0;56;0;8;72;31;8;10;2;1;6310;29;513;0;0
1141;2024;53;9999;12;2;5;12;2;0;0;0;0;64;0;22;7;2;13;3;4;8;11949;539;409;0;0
1148;2022;60;9999;1;0;0;0;0;0;0;0;0;60;0;1;0;0;0;1;2;0;525;0;0;0;0
1154;2022;59;9999;6;3;1;0;-1;1;0;0;0;61;0;13;13;10;7;2;2;1;5195;277;0;0;0
1157;2023;53;9999;21;0;4;14;-1;0;0;0;0;63;0;15;0;0;24;2;20;42;19927;104;3000;0;0
1166;2023;25;9999;12;1;2;0;2;0;0;0;0;60;1;2;49;25;7;3;5;1;4503;0;39;0;0
1174;2023;47;9999;5;0;0;0;-2;0;0;0;0;56;0;4;0;0;8;1;1;3;4915;0;193;0;0
1177;2023;47;9999;1;0;0;0;0;0;0;0;0;56;0;2;0;0;1;0;0;2;808;0;46;0;0
1189;2021;19;9999;12;3;3;0;5;0;0;0;0;63;0;6;5;4;13;5;4;0;7852;9;128;0;0
1206;2021;49;9999;4;0;1;0;-1;0;0;0;0;60;0;4;0;0;1;2;2;5;4067;34;303;0;0
1224;2021;46;9999;17;1;4;4;-11;0;0;0;0;61;1;24;0;0;23;8;7;33;19118;103;1820;0;0
1231;2022;62;9999;6;0;1;0;-4;0;0;0;0;63;0;14;0;0;4;2;4;8;5875;157;259;0;0
1238;2022;37;9999;6;1;1;2;-4;0;0;0;0;62;0;14;4;2;5;2;0;4;4225;862;125;0;0
1240;2021;38;9999;20;12;6;0;14;2;0;0;0;65;2;56;0;0;16;11;6;6;20352;1165;14;0;0
1250;2021;49;9999;2;0;1;0;2;0;0;0;0;69;0;5;0;0;3;1;0;1;1798;0;174;0;0
1266;2023;53;9999;22;0;4;0;-2;0;0;0;0;62;0;23;0;0;27;5;13;9;21276;42;1904;0;0
1284;2023;38;9999;5;0;0;0;1;0;0;0;0;61;0;2;22;11;2;0;3;1;2294;0;418;0;0
1287;2022;38;9999;17;0;2;10;2;0;0;0;0;66;0;21;0;0;27;7;10;4;18195;110;1362;0;0
1293;2021;47;9999;7;1;2;2;-3;0;0;0;0;57;0;9;4;2;7;5;1;3;3813;0;357;0;0
1293;2022;46;9999;11;1;0;8;-5;0;0;0;0;57;0;10;10;4;22;2;5;6;8829;0;44;0;0
1303;2023;123;9999;5;0;0;0;-4;0;0;0;0;62;0;3;19;10;3;0;2;2;3272;0;837;0;0
1306;2022;46;9999;11;1;2;4;-5;0;0;0;0;65;0;19;112;60;8;3;2;4;7993;0;789;0;0
1312;2022;39;9999;25;6;9;2;5;1;0;0;0;61;2;46;22;16;28;6;3;11;22589;1352;0;0;0
1382;2021;46;9999;5;0;0;0;2;0;0;0;0;70;0;7;0;0;1;2;2;13;4863;140;267;0;0
1382;2022;46;9999;3;1;1;0;4;0;0;0;1;58;1;7;0;0;2;2;2;6;2934;134;196;0;0
1427;2022;46;9999;11;2;1;4;0;0;0;0;1;65;1;15;62;37;4;2;4;8;11277;148;1345;0;0
1431;2023;50;9999;12;2;1;18;-3;0;0;0;0;59;0;10;8;6;36;4;2;5;8846;0;568;2;2
1444;2021;53;9999;2;0;0;0;-5;0;0;0;0;63;0;3;0;0;2;1;0;1;2056;150;13;0;0
1444;2022;46;9999;11;1;4;6;-2;0;0;0;1;68;0;22;0;0;5;1;4;17;13041;823;625;0;0
1446;2022;38;9999;19;0;7;0;-2;0;1;0;1;63;0;15;127;70;7;7;8;7;10088;844;1013;0;0
1688;2021;5;9999;2;0;0;0;-2;0;0;0;0;53;0;1;0;0;3;2;0;0;923;0;0;0;0
1688;2022;5;9999;11;2;1;0;1;0;0;0;0;59;1;6;0;0;14;6;2;3;5939;39;150;0;0
1692;2022;37;9999;6;0;2;0;-6;0;0;0;0;68;0;8;65;19;5;1;0;4;4880;1133;0;0;0
1747;2024;26;9999;7;1;1;2;0;0;0;0;0;61;1;15;0;0;16;3;9;3;8030;0;206;0;0
1969;2021;50;9999;6;1;1;0;-4;0;0;0;0;59;0;10;96;52;11;3;3;1;4830;0;745;0;0
1969;2022;59;9999;3;0;2;0;2;0;0;0;0;59;0;2;3;2;2;0;0;0;1377;0;65;0;0
2246;2021;39;9999;14;6;2;9;0;0;0;0;0;57;0;27;3;1;28;6;3;4;11281;0;0;1;0
2246;2022;58;9999;1;0;1;0;1;0;0;0;0;74;0;0;8;4;1;0;0;0;712;0;38;0;0
2272;2021;59;9999;7;2;4;12;0;0;0;0;0;62;0;16;0;0;4;1;0;2;6633;271;0;0;0
2272;2022;62;9999;6;0;0;0;1;0;0;0;0;58;0;8;0;0;2;1;3;0;2487;133;0;0;0
2277;2022;37;9999;6;0;1;2;-2;0;1;0;0;59;0;7;8;5;2;3;1;4;3122;601;181;0;0
2278;2021;47;9999;10;2;4;4;2;0;1;0;0;61;0;14;7;3;7;4;5;6;5505;500;318;0;0
2289;2021;47;9999;10;1;6;5;3;0;0;0;0;61;1;9;0;0;13;4;3;5;10876;37;363;1;0
2295;2021;50;9999;4;0;1;0;-1;0;0;0;0;64;0;5;3;1;5;0;0;1;2873;0;79;0;0
2297;2021;49;9999;2;0;0;0;0;0;0;0;0;57;0;1;1;0;0;0;0;0;912;34;19;0;0
2308;2022;54;9999;21;1;2;6;-2;0;0;0;0;57;1;12;118;57;11;2;4;5;9174;26;293;0;0
2312;2021;39;9999;6;2;1;2;-1;0;0;0;0;59;0;9;1;1;9;2;1;2;3337;0;786;0;0
2324;2022;39;9999;1;0;0;0;0;0;0;0;0;48;0;1;0;0;0;1;0;1;906;0;107;0;0
2324;2021;39;9999;4;0;0;0;-4;0;0;0;0;61;0;4;0;0;3;3;4;5;4749;0;508;0;0
2333;2021;32;9999;7;0;3;7;0;0;0;0;0;63;0;6;0;0;21;4;3;10;7647;677;637;1;0
2352;2022;58;9999;1;1;0;0;1;0;0;0;0;74;1;2;1;0;1;0;1;0;721;28;0;0;0
2421;2021;39;9999;14;3;3;2;1;0;1;0;0;61;0;35;18;7;10;6;2;11;14996;718;0;0;0
2435;2021;47;9999;10;1;2;0;-5;0;0;0;0;53;1;8;0;0;11;4;2;13;11259;91;686;0;0
3935;2022;39;9999;19;4;3;12;1;0;0;0;0;58;0;16;15;6;29;3;2;6;10177;0;1037;2;0
4216;2021;43;9999;3;0;1;5;-4;0;1;0;0;52;0;3;0;0;3;2;0;5;2663;51;222;1;1
5850;2021;12;9999;4;0;0;0;-2;0;0;0;0;57;0;3;14;12;1;0;0;0;1715;307;0;0;0
5850;2024;41;9999;1;0;0;0;0;0;0;0;0;57;0;1;0;0;1;0;0;0;497;59;0;0;0
285;2023;57;9999;22;11;12;26;6;3;8;0;0;76;0;84;1;0;50;14;10;5;21448;4927;774;0;0
285;2024;57;9999;10;3;5;8;0;2;1;0;0;72;2;29;14;6;27;6;2;2;10079;1976;227;0;0
285;2025;57;9999;11;1;1;0;0;0;0;0;0;68;0;24;18;13;16;2;1;1;10103;130;865;0;0
308;2021;18;9999;1;0;0;0;0;0;0;0;0;53;0;0;2;1;0;0;0;0;45;0;0;0;0
308;2021;60;9999;21;4;9;18;-2;3;5;0;0;73;1;71;28;16;27;5;1;13;19067;5063;176;0;0
308;2022;60;9999;5;4;3;4;5;0;1;1;0;66;0;18;20;14;7;3;1;1;4851;303;440;0;0
328;2022;14;9999;7;0;0;2;1;0;0;0;0;61;0;3;0;0;17;7;1;0;3955;15;17;0;0
342;2021;31;9999;14;0;4;9;-6;0;1;0;0;60;0;6;0;0;11;5;1;1;8607;182;13;0;0
342;2022;31;9999;18;5;5;4;3;0;0;0;0;64;1;19;2;1;34;11;5;4;12751;0;243;0;0
342;2023;57;9999;22;3;4;0;8;0;0;0;0;59;1;24;6;6;22;3;2;4;10520;0;1069;0;0
345;2021;30;9999;27;1;9;4;4;0;0;0;0;65;0;19;10;4;47;22;10;2;23641;844;55;0;0
345;2022;19;9999;14;0;5;0;2;0;0;0;0;69;0;5;7;5;36;10;6;2;14265;706;0;0;0
345;2024;31;9999;4;1;0;0;-3;0;0;0;0;66;0;15;1;0;4;0;2;1;3436;0;0;0;0
362;2021;37;9999;12;3;2;24;1;0;0;0;0;62;3;26;6;2;30;6;1;9;12414;325;0;4;1
362;2022;32;9999;10;2;1;19;-1;0;0;0;0;61;0;24;11;5;19;0;1;8;10105;0;101;3;2
362;2023;32;9999;12;1;2;28;4;0;0;0;0;64;0;9;0;0;26;4;3;5;9271;3;0;2;2
403;2023;50;9999;11;1;0;2;-4;0;0;0;0;63;1;9;0;0;5;1;5;25;10304;148;913;0;0
403;2021;57;9999;9;1;2;4;8;0;0;0;1;67;0;13;0;0;11;5;7;16;9767;648;1222;0;0
403;2021;12;9999;1;0;0;0;1;0;0;0;0;55;0;2;0;0;0;0;0;0;786;10;41;0;0
403;2022;57;9999;4;0;1;0;3;0;0;0;1;67;0;4;0;0;3;2;2;5;4182;33;338;0;0
423;2022;55;9999;5;0;2;4;0;0;0;0;0;65;0;9;8;4;2;1;0;6;4525;0;617;0;0
474;2021;54;9999;6;1;3;2;-4;0;0;0;0;65;0;8;7;5;5;3;2;2;6471;0;760;0;0
474;2022;54;9999;22;0;8;4;2;0;0;0;0;69;0;32;25;17;17;9;8;14;18294;1348;2633;0;0
474;2025;58;9999;1;0;0;0;-1;0;0;0;0;54;0;0;11;0;1;0;0;0;413;0;262;0;0
496;2021;27;9999;7;0;2;5;-1;0;0;0;0;57;0;4;0;0;4;1;1;2;5091;0;676;1;0
496;2022;9;9999;1;0;1;0;0;0;0;0;0;61;0;1;0;0;5;1;0;0;955;0;0;0;0
496;2023;9;9999;1;0;1;0;0;0;0;0;0;63;0;0;0;0;3;0;0;1;1011;108;69;0;0
542;2021;5;9999;6;1;2;2;2;0;0;0;0;61;0;9;0;0;6;0;0;9;6546;22;409;0;0
542;2023;57;9999;22;3;3;4;8;0;0;0;0;60;0;28;0;0;23;2;9;22;23317;0;2240;0;0
542;2024;57;9999;2;0;0;0;0;0;0;0;0;58;0;1;0;0;1;0;0;4;2237;0;181;0;0
579;2021;11;9999;2;0;0;0;-2;0;0;0;0;54;0;2;25;10;1;2;1;1;1743;0;0;0;0
631;2022;19;9999;13;1;4;2;2;0;0;0;1;62;0;19;0;0;23;3;4;13;13244;0;1044;0;0
631;2024;62;9999;20;2;8;0;13;0;0;0;0;68;0;39;0;0;29;10;12;28;21583;1401;2131;0;0
635;2022;31;9999;8;1;2;6;2;0;0;0;0;60;0;16;0;0;11;1;2;16;8013;68;164;0;0
635;2024;41;9999;5;0;1;4;3;0;0;0;0;59;0;10;0;0;7;1;0;15;5549;0;583;0;0
796;2023;47;9999;5;1;0;0;1;0;0;0;0;63;0;8;71;35;16;2;2;0;5146;10;343;0;0
845;2023;57;9999;22;2;7;12;10;0;0;0;0;68;1;27;0;0;44;6;19;18;24775;73;2090;0;0
845;2024;57;9999;1;0;0;0;-1;0;0;0;0;47;0;0;0;0;1;1;0;1;1066;0;128;0;0
845;2025;57;9999;1;0;1;0;2;0;0;0;0;71;0;0;0;0;0;0;0;1;942;24;91;0;0
926;2023;50;9999;12;0;0;14;0;0;0;0;0;60;0;10;0;0;22;3;3;29;12626;100;1561;0;0
926;2025;57;9999;3;0;1;0;2;0;0;0;0;60;0;5;0;0;5;0;0;12;2644;0;342;0;0
984;2022;30;9999;6;1;1;2;3;0;0;0;0;66;1;2;0;0;14;8;7;2;3989;0;14;0;0
984;2023;56;9999;5;1;0;2;1;0;0;0;0;58;0;5;4;1;11;4;1;1;5238;0;272;0;0
984;2024;56;9999;4;0;0;2;-5;0;0;0;0;64;0;19;0;0;14;0;2;2;4093;648;0;0;0
984;2025;3;9999;2;0;0;0;-2;0;0;0;0;53;0;1;0;0;1;3;1;0;1170;124;141;0;0
996;2022;0;9999;5;1;0;0;0;0;0;0;0;50;0;7;0;0;7;4;2;5;6592;67;215;0;0
1013;2021;60;9999;16;3;8;2;12;1;0;0;0;74;1;36;0;0;16;8;3;20;16335;3772;890;0;0
1013;2021;18;9999;4;0;0;4;-6;0;0;0;0;54;0;2;0;0;4;0;1;2;3670;0;101;0;0
1013;2022;18;9999;9;3;0;2;1;1;0;0;0;59;0;16;0;0;13;1;2;0;8887;23;323;0;0
1013;2023;60;9999;11;1;8;6;3;0;0;0;0;74;0;23;0;0;13;3;6;13;12067;986;823;0;0
1072;2021;20;9999;20;0;2;6;-5;0;0;0;0;58;0;21;0;0;16;3;9;10;17345;0;698;0;0
1072;2022;20;9999;27;2;7;2;6;0;0;0;1;58;2;41;0;0;36;3;17;11;26440;33;1251;0;0
26;2021;17;9999;7;4;3;0;0;1;2;0;0;69;0;23;0;0;16;1;2;8;10186;1099;231;0;0
26;2022;17;9999;13;1;5;2;1;1;0;0;1;67;0;40;0;0;19;1;9;17;15826;2228;1387;0;0
26;2023;17;9999;21;2;10;8;-8;1;5;0;0;67;0;60;0;0;34;4;14;43;27503;1659;1615;0;0
26;2024;17;9999;14;1;7;2;2;0;1;0;0;63;0;47;0;0;21;4;9;15;17880;1046;535;0;0
26;2025;17;9999;7;0;2;2;-2;0;0;0;0;63;0;12;0;0;4;0;9;9;7870;89;681;0;0
26;2026;20;9999;1;0;0;0;-2;0;0;0;0;55;0;3;0;0;1;1;3;1;1123;28;0;0;0
90;2021;16;9999;1;0;0;0;0;0;0;0;0;56;0;0;2;0;1;1;0;1;437;0;19;0;0
94;2021;19;9999;12;3;2;0;-3;1;2;0;0;65;1;29;0;0;10;1;7;14;13883;1420;187;0;0
94;2022;19;9999;14;2;3;0;-5;0;0;0;0;67;1;49;0;0;29;3;14;13;17292;2022;460;0;0
94;2023;3;9999;5;1;0;2;-5;1;0;0;0;63;0;10;0;0;12;3;4;8;6180;780;39;0;0
94;2025;18;9999;13;0;3;2;-5;0;0;0;0;61;0;39;0;0;13;3;13;17;14093;1547;403;0;0
94;2026;18;9999;13;1;3;4;-5;0;0;0;0;58;0;29;0;0;13;2;4;14;15315;0;3;0;0
135;2022;39;9999;25;5;15;4;5;1;3;0;0;67;0;43;1;1;44;13;4;22;23502;3324;168;0;0
157;2023;10;9999;14;3;4;0;0;0;0;0;0;60;0;20;158;74;9;13;7;5;12261;0;909;0;0
157;2025;10;9999;27;5;5;4;2;0;0;0;0;59;3;29;182;80;13;6;11;2;16505;218;198;0;0
157;2026;62;9999;1;0;0;0;0;0;0;0;0;55;0;0;0;0;0;0;0;0;197;0;43;0;0
166;2021;9;9999;24;3;9;6;1;0;0;0;0;66;0;26;9;3;22;8;6;2;19502;744;42;0;0
166;2024;17;9999;5;2;1;0;0;0;0;0;0;65;0;8;7;4;7;4;0;0;3417;35;44;0;0
170;2023;21;9999;7;0;4;4;-2;0;0;0;0;60;0;14;0;0;16;3;4;6;9657;50;599;0;0
170;2025;30;9999;13;0;2;4;0;0;0;0;0;60;0;31;0;0;18;6;13;21;16493;27;381;0;0
170;2026;30;9999;19;2;7;4;-2;1;0;0;0;60;0;41;0;0;20;6;16;36;22410;765;2148;0;0
184;2023;3;9999;5;3;3;0;0;0;1;0;0;62;1;11;46;25;4;3;2;1;4594;177;0;0;0
184;2025;31;9999;18;1;6;6;-3;0;0;0;1;61;1;17;209;109;12;7;10;5;14904;528;5;0;0
204;2021;12;9999;6;0;1;0;1;0;0;0;0;58;0;7;0;0;6;2;2;12;7325;235;636;0;0
204;2022;12;9999;6;0;1;2;-2;0;0;0;0;58;0;7;0;0;11;0;1;8;7531;0;471;0;0
204;2024;31;9999;13;1;0;4;3;0;0;0;0;58;0;17;0;0;9;4;7;29;14136;80;568;0;0
204;2026;25;9999;13;0;3;0;-4;0;0;0;1;55;0;11;0;0;14;3;2;20;11967;0;1070;0;0
209;2023;31;9999;21;2;5;8;-2;0;0;0;0;61;0;58;0;0;21;3;14;28;27159;500;1967;0;0
209;2024;31;9999;14;1;3;2;-1;0;0;0;0;61;1;24;0;0;30;5;12;11;17810;0;859;0;0
209;2025;31;9999;18;2;6;2;7;0;0;0;0;63;0;37;0;0;21;7;21;25;20925;0;1428;0;0
209;2026;25;9999;13;0;5;4;-4;0;0;0;0;62;0;18;0;0;25;5;13;19;15038;4;1834;0;0
210;2021;22;9999;7;2;2;6;2;0;1;1;0;59;0;13;0;0;14;3;0;2;8422;175;719;0;0
210;2025;50;9999;3;0;1;0;-5;0;0;0;0;61;0;3;0;0;7;0;0;7;3806;42;175;0;0
210;2026;50;9999;1;0;0;0;0;0;0;0;0;66;0;4;0;0;1;1;0;0;981;60;0;0;0
233;2021;14;9999;21;2;6;2;-8;2;2;0;0;70;0;29;19;8;50;26;7;1;21549;838;239;0;0
233;2022;14;9999;7;1;3;0;3;0;0;0;1;69;0;7;0;0;21;13;2;3;6307;139;92;0;0
233;2023;14;9999;7;1;1;2;-2;0;0;0;0;62;0;10;0;0;7;12;4;1;7365;48;47;0;0
233;2024;14;9999;27;6;6;2;8;0;0;0;0;65;1;52;18;5;40;16;6;5;20483;0;750;0;0
233;2025;14;9999;1;0;0;0;0;0;0;0;0;60;0;0;4;2;2;0;0;0;311;0;110;0;0
233;2026;59;9999;16;6;3;6;-4;0;1;0;0;66;1;29;11;8;25;3;4;5;16443;1302;131;0;0
287;2022;18;9999;28;2;6;4;-7;0;0;0;0;63;0;18;5;4;47;29;4;6;22631;329;580;0;0
335;2021;9;9999;24;2;9;6;10;0;0;0;1;60;0;39;0;0;38;2;5;46;24297;212;1823;0;0
335;2022;9;9999;12;0;1;6;5;0;0;0;0;58;0;19;0;0;12;2;5;22;11831;241;1286;0;0
335;2023;9;9999;13;0;3;2;4;0;0;0;0;64;0;23;0;0;19;4;7;46;13305;102;592;0;0
335;2025;3;9999;5;1;1;2;0;0;0;0;0;65;0;5;0;0;11;1;2;18;5055;0;141;0;0
335;2027;44;9999;1;0;0;0;-2;0;0;0;0;45;0;2;0;0;3;0;0;2;804;0;178;0;0
354;2022;20;9999;27;5;7;8;7;0;0;1;0;61;0;23;246;113;31;25;14;8;17056;632;2715;0;0
354;2024;7;9999;6;0;3;0;-1;0;0;0;0;61;0;6;4;1;5;2;3;1;3570;23;9;0;0
380;2025;53;9999;5;0;2;2;-1;0;0;0;0;57;0;5;3;1;2;2;0;2;2548;222;0;0;0
407;2022;25;9999;6;0;7;2;-4;0;2;0;0;64;0;5;2;2;9;7;1;0;5828;573;155;0;0
407;2023;25;9999;12;5;10;2;14;0;0;1;0;72;0;23;20;7;19;11;7;1;11868;1012;1068;0;0
407;2024;17;9999;13;0;7;5;1;0;0;0;0;64;0;13;1;0;19;8;4;5;9901;109;259;0;0
407;2025;20;9999;6;0;1;0;-2;0;0;0;0;60;0;4;0;0;2;1;3;1;2901;126;0;0;0
407;2026;20;9999;3;0;0;0;-1;0;0;0;0;58;0;3;0;0;0;1;0;0;1746;126;0;0;0
407;2027;29;9999;7;2;3;0;7;0;0;0;0;66;1;13;0;0;7;6;3;2;5455;0;0;0;0
416;2021;1;9999;14;7;1;4;1;1;0;0;0;64;1;31;211;114;8;17;8;1;15057;506;1041;0;0
416;2022;1;9999;19;2;4;4;-4;0;0;0;1;62;1;27;188;112;18;26;23;3;17335;595;799;0;0
416;2024;1;9999;7;2;3;0;-1;0;0;0;0;65;0;15;78;40;9;6;3;2;6086;70;258;0;0
416;2026;25;9999;2;0;1;0;-1;0;0;0;0;55;0;1;15;5;1;1;1;1;904;0;323;0;0
451;2021;43;9999;1;0;0;0;0;0;0;0;0;75;0;2;0;0;1;0;0;5;984;4;138;0;0
465;2021;29;9999;6;2;1;2;-4;1;1;1;0;63;0;12;0;0;7;0;5;9;6701;678;296;0;0
465;2023;14;9999;7;1;4;7;-2;1;0;0;0;66;0;17;0;0;8;1;11;6;9447;434;88;1;0
465;2024;14;9999;27;5;11;12;7;2;4;0;0;63;0;81;0;0;28;6;18;16;27244;3638;1136;0;0
465;2025;14;9999;19;3;3;4;-8;0;1;0;0;62;0;28;0;0;21;5;19;10;18499;2472;1052;0;0
465;2026;55;9999;12;0;2;8;-1;0;1;0;0;67;0;26;0;0;15;5;6;10;11609;2046;452;0;0
501;2021;18;9999;11;2;4;2;7;0;0;1;0;65;0;14;2;2;10;10;2;0;8227;0;678;0;0
501;2022;18;9999;22;0;5;0;-2;0;1;0;0;60;0;5;9;5;26;18;7;3;11749;97;547;0;0
501;2023;60;9999;9;3;4;2;0;2;0;0;0;72;0;31;45;16;8;6;4;9;9079;2044;991;0;0
501;2025;60;9999;2;0;0;0;-1;0;0;0;0;55;0;1;10;4;0;0;0;0;634;0;20;0;0
576;2021;18;9999;11;0;1;8;3;0;0;0;0;61;0;13;0;0;8;4;2;7;12997;0;847;0;0
576;2022;18;9999;27;1;5;10;2;0;0;0;0;60;0;39;0;0;42;6;15;14;26614;107;3070;0;0
576;2023;18;9999;14;0;2;2;-4;0;0;0;0;56;0;20;0;0;25;5;7;7;14231;44;1359;0;0
576;2026;48;9999;7;0;0;0;-2;0;0;0;0;66;0;6;0;0;8;2;4;7;7294;0;910;0;0
577;2021;27;9999;7;0;2;2;-3;0;0;0;0;58;0;3;84;41;2;4;3;0;6213;0;283;0;0
577;2022;27;9999;5;0;0;2;-2;0;0;0;0;59;0;2;3;2;8;6;3;1;3963;0;528;0;0
577;2023;18;9999;14;0;3;0;-5;0;0;0;1;59;0;5;12;7;13;7;3;2;10978;0;261;0;0
577;2024;9;9999;13;1;2;4;1;0;0;0;0;58;0;4;11;2;6;6;5;1;5647;0;57;0;0
577;2025;9;9999;6;0;1;0;-2;0;0;0;0;61;0;7;6;3;5;4;3;2;3528;0;176;0;0
582;2023;57;9999;22;7;8;6;11;0;0;1;0;66;1;36;10;5;14;5;7;18;17315;267;1964;0;0
582;2024;57;9999;10;1;6;0;2;0;0;0;0;63;0;27;38;21;13;5;5;9;10328;13;1498;0;0
582;2026;44;9999;1;0;0;0;0;0;0;0;0;59;0;0;0;0;1;0;0;1;569;0;0;0;0
639;2026;45;9999;7;3;0;2;-1;2;0;0;0;60;0;12;84;39;3;1;2;0;2986;1492;0;0;0
654;2022;37;9999;6;3;3;0;0;1;1;0;0;66;0;14;3;1;9;1;0;8;5869;268;68;0;0
707;2021;60;9999;21;2;11;8;2;1;2;0;0;65;1;55;0;0;14;5;14;25;23784;2392;1822;0;0
707;2022;60;9999;5;1;1;12;-4;1;0;0;1;65;0;10;0;0;4;0;1;8;5020;1390;551;0;0
707;2023;60;9999;12;2;4;8;-1;2;0;0;0;60;1;24;0;0;14;1;6;10;11578;795;684;0;0
707;2024;57;9999;9;0;1;2;-2;0;0;0;0;63;0;5;0;0;6;2;6;22;8371;0;1419;0;0
783;2025;53;9999;1;0;1;0;2;0;0;0;0;61;0;1;0;0;0;0;0;4;914;0;117;0;0
825;2021;31;9999;14;1;3;6;-4;0;1;0;0;60;0;28;0;0;15;3;4;14;16693;1018;1123;0;0
825;2022;31;9999;4;1;0;0;-3;0;0;0;0;53;0;6;0;0;2;0;0;3;3292;0;0;0;0
825;2025;27;9999;13;0;2;0;2;0;0;0;0;59;0;17;0;0;20;3;7;17;12142;4;586;0;0
847;2021;18;9999;11;1;5;2;-1;0;0;0;3;59;0;12;90;32;8;5;2;2;6629;0;1482;0;0
847;2024;41;9999;5;1;1;2;-1;0;0;0;0;61;0;13;0;0;4;3;1;3;5316;0;0;0;0
847;2025;56;9999;4;1;1;0;-1;0;0;0;0;64;0;8;0;0;1;1;6;3;3847;154;134;0;0
890;2024;41;9999;5;0;0;0;0;0;0;0;0;61;0;2;2;0;4;1;2;3;2472;0;578;0;0
902;2021;29;9999;6;0;3;0;3;0;0;0;1;62;0;8;77;40;3;3;2;0;4628;0;122;0;0
902;2023;9;9999;14;3;1;2;-6;0;0;0;0;62;0;12;130;70;15;3;6;5;11222;16;472;0;0
902;2025;3;9999;5;0;2;0;-1;0;0;0;0;56;0;2;41;21;1;2;1;1;2552;0;388;0;0
919;2025;32;9999;10;2;3;2;4;0;0;0;0;63;0;11;0;0;11;4;3;8;9123;18;1700;0;0
924;2021;30;9999;27;2;4;4;11;0;0;0;1;57;0;20;0;0;16;0;5;32;26118;205;1567;0;0
924;2022;20;9999;27;1;8;4;5;0;0;0;1;56;0;34;0;0;33;8;9;29;26449;33;2506;0;0
924;2025;57;9999;9;0;4;12;1;0;0;0;0;59;0;9;0;0;10;3;4;13;9224;102;521;0;0
994;2022;20;9999;27;4;4;6;-3;0;0;0;0;61;2;25;12;4;61;26;9;10;23876;245;0;0;0
994;2025;40;9999;20;4;8;12;16;0;0;0;0;62;1;45;10;6;56;2;5;8;16726;39;63;0;0
994;2026;125;9999;4;1;1;0;1;0;0;0;0;63;0;10;1;0;10;1;0;1;2891;0;301;0;0
994;2027;40;9999;1;0;1;0;1;0;0;0;0;58;0;0;0;0;1;0;0;0;333;0;0;0;0
1010;2025;58;9999;1;0;0;0;-1;0;0;0;0;60;0;0;2;1;1;0;0;0;395;0;164;0;0
1010;2027;58;9999;1;0;0;0;0;0;0;0;0;47;0;0;2;0;0;0;0;0;408;0;70;0;0
1014;2024;55;9999;5;0;0;2;-2;0;0;0;0;64;0;6;10;4;5;0;4;1;5013;187;413;0;0
1015;2024;34;9999;6;0;4;0;2;0;0;0;0;63;0;8;3;2;6;0;0;1;2914;356;27;0;0
1015;2025;34;9999;12;1;2;2;2;0;0;0;0;58;0;9;1;0;10;2;1;4;6172;1035;114;0;0
1033;2021;60;9999;12;0;2;4;5;0;0;0;0;60;0;19;0;0;18;1;3;23;11301;124;1678;0;0
1033;2022;60;9999;1;0;0;2;0;0;0;0;0;60;0;0;0;0;1;0;0;0;981;0;56;0;0
1033;2023;50;9999;1;0;0;0;-1;0;0;0;0;56;0;0;0;0;1;1;0;2;852;0;55;0;0
1041;2023;3;9999;5;0;1;0;-1;0;0;0;0;68;0;5;0;0;12;1;4;0;4333;0;151;0;0
1041;2026;55;9999;1;0;0;0;0;0;0;0;0;68;0;0;1;0;0;0;0;0;753;151;0;0;0
1053;2021;27;9999;7;0;1;0;-6;0;0;0;0;60;0;12;0;0;15;0;4;7;9522;0;624;0;0
1053;2022;27;9999;5;0;4;0;0;0;0;0;0;62;0;15;0;0;13;2;5;6;6076;0;567;0;0
1053;2023;27;9999;6;1;1;0;5;0;0;0;1;64;1;7;0;0;12;2;2;14;6360;0;821;0;0
1053;2024;27;9999;7;1;0;0;-3;1;0;0;0;57;0;4;0;0;3;2;4;9;5961;7;622;0;0
1068;2021;60;9999;19;3;7;6;10;1;1;0;0;70;0;50;0;0;15;15;14;42;20746;1658;993;0;0
1068;2022;60;9999;5;0;1;2;2;0;0;0;0;63;0;13;0;0;4;3;1;15;5178;82;236;0;0
1081;2022;9;9999;13;2;3;0;-1;0;0;1;1;62;0;11;145;71;11;7;9;4;8537;10;1640;0;0
1081;2025;53;9999;5;1;2;0;-1;0;0;1;1;71;0;3;88;42;6;2;1;6;4860;18;553;0;0
1104;2022;31;9999;18;1;8;0;6;0;0;0;0;65;0;20;34;17;21;17;5;3;14409;103;81;0;0
1104;2024;38;9999;4;0;0;4;-7;0;0;0;0;65;0;12;11;6;3;1;1;3;4552;146;359;0;0
1104;2026;62;9999;3;2;3;0;3;0;0;0;0;66;0;7;4;2;2;1;0;1;2987;90;157;0;0
1107;2021;37;9999;12;0;2;2;-2;0;0;0;0;64;0;19;0;0;4;5;5;20;11524;0;847;0;0
1107;2022;123;9999;1;0;1;0;-1;0;0;0;0;57;0;2;0;0;2;2;0;0;954;0;0;0;0
1107;2023;38;9999;2;0;1;0;1;0;0;0;0;64;0;1;0;0;0;1;0;3;1911;0;52;0;0
1110;2021;38;9999;20;0;1;2;0;0;0;0;0;55;0;16;71;30;11;7;0;5;8869;0;2327;0;0
1112;2021;16;9999;5;0;0;2;1;0;0;0;0;54;0;5;0;0;4;1;4;5;4988;17;599;0;0
1112;2022;16;9999;6;0;2;2;-1;0;0;0;1;56;0;1;0;0;6;2;1;8;5200;0;391;0;0
1115;2021;60;9999;11;0;2;0;3;0;0;0;0;66;0;18;0;0;10;1;4;19;10684;380;607;0;0
1115;2022;60;9999;4;0;1;0;2;0;0;0;0;65;0;5;0;0;1;2;0;8;3886;108;391;0;0
1124;2021;59;9999;7;3;1;0;-6;0;1;0;0;66;0;19;0;0;13;4;3;12;8646;469;462;0;0
1124;2022;123;9999;14;1;2;6;-3;0;0;0;0;58;1;17;0;0;14;11;8;16;14188;40;824;0;0
1124;2023;38;9999;5;1;2;0;-1;0;1;0;0;64;0;8;0;0;8;2;4;10;6164;675;510;0;0
1129;2021;12;9999;6;0;1;0;0;0;0;0;1;63;0;4;1;0;9;3;5;1;2594;0;659;0;0
1129;2026;34;9999;6;2;2;4;2;0;0;0;0;63;0;13;4;0;10;1;2;0;4585;0;5;0;0
1131;2021;43;9999;4;0;0;0;-3;0;0;0;0;72;0;13;0;0;5;3;2;2;4138;327;359;0;0
1131;2024;43;9999;9;0;4;5;-5;0;0;0;0;69;0;10;0;0;12;2;3;17;9081;482;456;1;1
1136;2022;59;9999;7;0;6;0;-2;0;0;0;0;62;0;8;1;1;8;3;2;4;6319;287;200;0;0
1143;2021;38;9999;11;1;4;2;11;0;0;0;1;55;0;26;0;0;13;6;3;6;10836;0;1261;0;0
1143;2022;38;9999;1;0;0;0;0;0;0;0;0;62;0;1;0;0;1;1;0;0;910;0;102;0;0
1144;2023;32;9999;17;2;7;4;-6;0;3;0;0;57;2;17;1;0;19;5;6;35;18560;825;728;0;0
1183;2023;9;9999;3;0;0;8;-1;0;0;0;0;57;0;5;0;0;6;0;0;4;3105;0;89;0;0
1183;2025;57;9999;11;1;0;10;2;0;0;0;0;68;1;10;0;0;14;1;5;13;11651;90;772;0;0
1183;2026;45;9999;6;1;0;6;2;0;0;0;0;67;0;5;0;0;12;3;1;5;6204;24;368;0;0
1190;2022;62;9999;6;0;0;4;-4;0;0;0;0;54;0;7;0;0;5;1;3;17;5914;0;469;0;0
1190;2023;62;9999;6;2;2;4;4;1;1;0;0;63;1;14;0;0;12;2;3;10;6993;140;506;0;0
1199;2021;17;9999;7;0;2;2;3;0;0;0;0;63;0;2;2;2;10;7;1;2;7613;211;0;0;0
1199;2022;17;9999;3;0;1;0;-1;0;0;0;0;59;0;2;0;0;3;1;1;0;1600;0;0;0;0
1202;2022;39;9999;25;2;8;10;-7;0;2;0;0;61;0;35;0;0;31;23;0;49;30489;1373;1160;0;0
1203;2021;14;9999;12;1;2;2;0;0;0;0;0;61;0;12;0;0;11;2;7;9;11283;106;654;0;0
1203;2024;53;9999;12;0;5;4;-1;0;0;0;0;56;0;15;0;0;11;9;8;18;13668;173;667;0;0
1203;2025;57;9999;10;1;1;0;5;0;0;0;0;67;1;11;0;0;8;3;5;11;10060;38;717;0;0
1204;2022;62;9999;6;1;0;0;1;0;0;0;0;55;0;4;7;3;2;2;1;0;2477;0;134;0;0
1204;2023;62;9999;1;0;0;0;-1;0;0;0;0;57;0;1;2;2;1;0;0;1;582;96;0;0;0
1205;2022;56;9999;9;1;0;8;-4;0;0;0;0;71;0;10;0;0;16;3;11;15;9118;1954;419;0;0
1205;2023;56;9999;1;0;1;0;0;0;0;0;0;70;0;4;0;0;0;0;0;3;1083;0;54;0;0
1214;2021;56;9999;5;4;1;4;3;0;1;0;0;69;0;14;0;0;5;1;2;1;5381;835;35;0;0
1214;2022;56;9999;9;4;1;0;3;1;0;0;0;69;2;27;2;0;11;6;4;2;8626;2123;0;0;0
1215;2022;0;9999;5;0;1;4;-5;0;0;0;0;56;0;12;0;0;4;4;3;4;5144;109;163;0;0
1215;2023;47;9999;5;1;0;2;-1;0;0;0;0;66;0;7;0;0;7;0;3;9;5954;0;341;0;0
1246;2021;27;9999;7;1;0;2;-2;0;0;0;0;57;0;2;41;19;6;1;0;1;3450;0;116;0;0
1246;2022;27;9999;5;3;0;2;-1;0;0;0;0;59;0;5;38;13;2;2;3;3;2657;0;249;0;0
1253;2024;1;9999;7;0;0;0;-3;0;0;0;0;57;0;16;0;0;7;3;2;5;7404;96;270;0;0
1254;2022;0;9999;5;0;3;0;-2;0;0;0;0;63;0;9;47;17;2;1;3;4;4543;100;4;0;0
1254;2026;60;9999;6;2;1;6;1;0;0;0;0;62;1;11;6;2;3;0;0;5;4813;319;0;0;0
1270;2021;60;9999;13;3;2;4;1;1;0;0;0;58;2;16;7;3;3;0;0;3;5517;992;45;0;0
1274;2021;60;9999;12;1;4;4;1;0;3;0;0;64;1;15;60;26;10;0;2;4;4996;2883;187;0;0
1274;2022;58;9999;1;0;0;0;1;0;0;0;0;71;0;1;0;0;4;0;0;0;846;0;112;0;0
1276;2022;17;9999;13;2;4;2;3;0;0;0;0;62;0;9;28;13;22;13;0;4;9709;133;0;0;0
1276;2023;17;9999;17;0;2;2;0;0;0;0;0;60;0;9;8;5;15;5;3;4;8303;243;317;0;0
1276;2024;17;9999;10;0;1;0;-1;0;0;0;0;58;0;5;59;22;9;3;3;3;5730;74;14;0;0
1283;2022;46;9999;11;2;3;4;-4;1;1;0;0;68;0;18;168;98;8;3;2;9;9444;2237;115;0;0
1283;2023;32;9999;17;3;2;6;2;0;0;0;0;66;0;25;27;16;16;6;1;10;14134;3;972;0;0
1290;2021;17;9999;7;2;4;4;3;2;2;0;0;77;1;9;6;2;16;2;4;0;6886;1236;43;0;0
1290;2022;17;9999;13;2;5;0;-3;0;0;0;0;63;0;17;0;0;16;11;6;1;10858;58;154;0;0
1290;2023;17;9999;21;3;2;0;-1;1;0;0;0;62;1;16;0;0;32;17;5;3;10956;69;298;0;0
1290;2024;25;9999;7;0;2;2;3;0;0;0;0;62;0;3;0;0;10;2;1;0;3907;0;0;0;0
1290;2025;38;9999;5;1;0;4;-2;0;0;0;0;65;0;5;5;4;5;2;1;0;4183;17;335;0;0
1290;2026;38;9999;12;2;2;0;-2;0;0;0;1;62;1;22;2;2;14;4;2;1;10827;478;1235;0;0
1307;2022;25;9999;6;0;1;0;-1;0;0;0;0;64;0;2;4;2;13;1;2;2;4746;0;255;0;0
1307;2023;3;9999;5;0;0;0;-6;0;0;0;0;53;0;5;0;0;6;7;0;3;2436;9;0;0;0
1314;2022;59;9999;7;0;2;12;1;0;0;0;0;63;0;10;0;0;5;2;1;22;6951;0;521;0;0
1321;2022;60;9999;5;0;1;0;2;0;0;0;0;61;0;6;0;0;4;4;2;3;4710;14;409;0;0
1321;2023;60;9999;11;3;3;2;-6;1;1;0;0;69;1;37;0;0;13;3;4;15;9887;2948;665;0;0
1322;2021;53;9999;3;0;0;0;-1;0;0;0;0;62;0;1;13;4;3;3;0;2;1338;0;452;0;0
1325;2021;38;9999;13;2;4;4;-2;1;2;0;0;70;1;21;167;72;18;6;0;8;9402;2467;465;0;0
1326;2022;60;9999;4;0;2;0;-3;0;1;0;0;59;0;1;0;0;4;1;0;0;1208;578;0;0;0
1328;2024;34;9999;6;1;0;6;-4;0;0;0;0;65;0;12;5;2;12;0;1;1;4458;1105;237;0;0
1328;2025;34;9999;16;0;4;6;1;0;0;0;0;66;0;15;0;0;24;5;5;4;11980;2941;0;0;0
1334;2021;54;9999;6;1;0;0;1;1;0;0;0;68;0;9;2;1;14;1;1;1;5154;699;0;0;0
1334;2022;54;9999;22;8;7;2;-1;2;3;0;0;69;1;58;0;0;25;9;4;3;18633;3898;19;0;0
1345;2021;59;9999;7;0;1;0;-7;0;0;0;0;67;0;9;0;0;12;1;2;15;8597;49;615;0;0
1345;2024;53;9999;12;5;2;14;-1;0;0;0;0;62;1;26;0;0;20;3;2;8;13247;173;500;2;1
1346;2021;17;9999;7;1;0;0;-2;0;0;1;0;67;0;6;1;1;12;6;0;0;6546;6;385;0;0
1346;2022;17;9999;10;2;0;4;-3;0;0;1;0;62;0;7;0;0;13;6;2;1;5303;162;347;0;0
1346;2023;17;9999;21;1;6;9;-3;0;0;0;0;60;0;35;0;0;29;28;7;5;14863;0;2407;1;0
1346;2025;20;9999;1;0;0;0;1;0;0;0;0;61;0;0;0;0;1;0;1;0;425;0;19;0;0
1352;2021;46;9999;16;3;0;4;-3;0;0;0;0;53;1;11;8;3;19;2;2;1;6982;64;0;0;0
1366;2021;37;9999;12;1;0;4;-3;0;0;0;0;68;0;14;0;0;5;4;0;18;14263;653;1292;0;0
1367;2021;49;9999;3;0;1;0;-1;0;0;0;0;58;0;2;10;4;2;1;0;1;1357;0;0;0;0
1430;2023;55;9999;5;2;1;2;3;0;0;0;0;70;0;9;34;11;10;3;5;2;3880;963;0;0;0
1430;2024;55;9999;2;1;0;0;-1;0;0;0;0;55;0;1;5;2;1;0;1;0;1095;41;0;0;0
1453;2022;33;9999;6;1;2;2;0;1;1;0;0;60;0;8;10;3;1;1;0;2;2647;907;0;0;0
1457;2022;62;9999;7;0;2;4;-1;0;0;0;0;60;0;8;3;1;20;2;4;1;5571;0;364;0;0
1457;2023;62;9999;5;0;0;0;-4;0;0;0;0;54;0;5;0;0;8;0;1;0;2465;0;0;0;0
1520;2021;57;9999;6;3;1;0;1;0;0;0;0;56;0;10;2;2;0;4;1;0;2901;355;0;0;0
1520;2022;57;9999;4;3;0;0;-1;0;0;0;0;60;0;7;0;0;5;3;1;1;2996;451;0;0;0
1520;2023;48;9999;1;0;0;0;0;0;0;0;0;56;0;1;0;0;0;0;0;0;436;0;0;0;0
1546;2023;50;9999;1;0;0;0;-2;0;0;0;0;74;0;0;0;0;0;0;0;4;1260;0;69;0;0
1567;2021;16;9999;4;0;0;2;-2;0;0;0;0;58;0;2;0;0;4;5;1;0;2467;16;54;0;0
1567;2022;16;9999;6;1;0;2;-2;0;0;0;0;65;0;9;0;0;14;4;2;1;4441;263;11;0;0
1567;2023;30;9999;14;0;6;2;8;0;0;0;0;64;0;13;1;0;22;11;5;2;11195;0;58;0;0
1578;2023;25;9999;12;1;5;2;-1;0;0;0;0;60;0;8;100;49;6;5;9;6;8496;0;0;0;0
1578;2024;25;9999;7;2;1;2;-4;0;0;0;0;61;0;12;67;24;9;1;6;6;5789;84;107;0;0
1578;2025;57;9999;11;0;4;6;2;0;0;0;0;72;0;12;130;63;5;2;3;8;11138;88;1016;0;0
1596;2022;59;9999;6;0;1;0;0;0;0;0;0;58;0;10;8;6;3;4;3;0;4880;0;462;0;0
1596;2021;47;9999;5;1;0;0;1;0;0;0;0;61;0;6;26;12;10;2;1;1;2417;0;158;0;0
1632;2022;40;9999;15;6;1;0;3;0;0;0;0;61;0;18;126;56;19;2;2;8;6167;65;1316;0;0
1636;2021;38;9999;12;1;1;2;0;0;0;0;0;62;0;10;1;1;10;5;1;5;7377;1261;641;0;0
1636;2022;46;9999;11;3;2;4;1;1;0;0;2;63;0;13;5;2;7;2;3;8;8250;2338;428;0;0
1670;2021;57;9999;5;0;0;2;0;0;0;0;0;56;0;5;0;0;0;1;1;2;2068;113;0;0;0
1670;2022;57;9999;4;0;2;2;-1;0;0;0;0;64;0;7;1;1;5;0;3;5;3866;33;41;0;0
1670;2023;36;9999;7;0;1;12;-1;0;0;0;0;61;0;6;9;3;5;1;0;3;3304;0;972;0;0
1670;2024;36;9999;5;0;0;0;-3;0;0;0;0;55;0;5;5;2;2;2;0;1;2031;27;734;0;0
1690;2021;5;9999;6;2;2;2;3;0;0;0;0;62;0;9;24;17;4;2;1;0;4867;322;0;0;0
1690;2023;56;9999;5;2;1;0;1;0;0;0;0;60;0;12;1;1;7;2;0;1;3534;0;151;0;0
1690;2024;56;9999;6;0;0;0;-1;0;0;0;0;58;0;5;8;5;13;0;1;2;2922;15;84;0;0
1690;2025;56;9999;4;0;0;2;-2;0;0;0;0;59;0;5;5;2;13;1;4;1;2915;23;134;0;0
1696;2021;50;9999;5;1;3;0;2;0;0;0;0;57;0;6;0;0;3;1;3;7;5388;0;570;0;0
1962;2021;43;9999;4;0;0;7;-6;0;0;0;0;59;0;3;0;0;5;2;3;1;3358;267;0;1;1
1972;2022;40;9999;16;4;9;12;4;0;0;0;0;66;0;28;291;155;27;2;5;34;15579;75;1996;0;0
1973;2021;53;9999;3;1;0;0;-2;0;0;0;0;63;0;4;0;0;3;1;1;5;3184;201;110;0;0
2011;2023;33;9999;11;1;4;0;0;0;0;0;0;68;1;18;139;68;13;4;2;9;8619;73;1194;0;0
2290;2022;58;9999;4;0;0;0;3;0;0;0;0;61;0;5;12;5;2;0;0;0;1949;0;491;0;0
2292;2021;47;9999;8;0;2;0;-4;0;0;0;0;62;0;5;126;66;9;1;1;8;6059;1331;95;0;0
2293;2021;32;9999;6;1;2;0;2;0;0;0;0;58;0;10;0;0;10;4;2;6;6149;414;412;0;0
2299;2021;47;9999;10;2;2;4;2;0;0;0;0;55;0;17;0;0;10;1;6;16;11357;0;597;0;0
2316;2022;54;9999;20;1;5;4;1;0;0;0;0;58;0;20;13;9;25;4;5;4;8806;0;1362;0;0
2336;2022;46;9999;11;2;0;10;-1;0;0;1;0;66;0;18;4;2;5;2;4;5;9239;144;429;0;0
2337;2021;54;9999;1;0;0;0;0;0;0;0;0;66;0;1;0;0;2;0;0;1;1644;0;100;0;0
2338;2021;54;9999;1;0;0;0;-1;0;0;0;0;71;0;0;0;0;1;0;2;1;1489;0;105;0;0
2345;2021;37;9999;5;0;1;5;-3;0;0;0;0;51;0;6;0;0;5;2;2;6;4861;0;9;1;0
2346;2022;46;9999;11;2;4;4;0;0;1;0;0;63;0;17;0;0;11;4;1;9;11412;2228;0;0;0
2385;2021;47;9999;9;1;6;0;6;0;1;0;0;67;0;20;0;0;18;3;3;7;8805;1543;236;0;0
2387;2021;49;9999;2;0;0;0;-1;0;0;0;0;53;0;6;0;0;1;1;0;0;1425;0;0;0;0
2399;2022;33;9999;7;3;0;4;-2;0;0;0;0;56;0;12;0;0;13;1;1;2;6240;720;583;0;0
2405;2021;56;9999;5;1;0;0;-3;0;0;0;0;53;0;6;0;0;2;4;1;3;3650;299;0;0;0
5842;2021;54;9999;2;0;0;0;0;0;0;0;0;57;0;4;0;0;0;0;0;0;1194;0;0;0;0
5842;2022;54;9999;1;0;0;0;-1;0;0;0;0;48;0;0;0;0;0;0;0;0;211;0;0;0;0
5843;2021;54;9999;5;0;2;0;-2;0;0;0;0;63;0;11;6;2;3;0;1;2;2913;519;63;0;0
5843;2022;54;9999;1;0;0;12;-1;0;0;0;0;57;0;0;8;3;0;0;0;2;340;171;86;0;0
5843;2025;58;9999;6;0;1;0;-4;0;1;0;0;56;0;3;72;40;6;1;1;0;4626;426;0;0;0
5854;2022;0;9999;5;0;1;2;-4;0;0;0;0;58;0;4;5;1;3;5;2;3;4228;0;0;0;0
5854;2024;44;9999;17;4;2;2;-2;0;0;0;0;62;1;39;61;30;25;4;6;10;15842;106;1516;0;0
224;2022;25;9999;6;0;0;2;-4;0;0;0;0;63;0;5;4;2;5;6;4;1;5971;234;166;0;0
224;2023;25;9999;12;1;3;2;4;0;0;0;0;61;0;14;0;0;6;8;6;1;5461;0;225;0;0
224;2024;18;9999;14;2;4;2;1;0;0;0;0;58;1;23;1;0;7;18;5;4;9554;49;181;0;0
224;2025;48;9999;5;2;2;4;-2;0;0;0;0;74;0;14;2;0;5;2;2;1;4767;410;558;0;0
288;2021;18;9999;11;1;9;2;0;0;3;0;0;67;0;21;0;0;23;11;5;4;10241;1617;16;0;0
288;2022;18;9999;28;3;11;6;8;0;0;1;0;65;0;19;23;9;55;27;13;6;27046;143;909;0;0
288;2025;53;9999;5;0;3;2;-1;0;0;0;0;69;0;17;7;4;9;3;0;9;5150;854;5;0;0
288;2026;48;9999;7;4;3;2;-2;0;0;0;0;61;0;12;0;0;16;4;2;4;6687;392;241;0;0
301;2021;16;9999;2;1;0;2;-3;0;0;0;0;49;0;3;0;0;2;1;0;1;1965;0;81;0;0
301;2022;16;9999;6;0;2;2;-4;0;0;0;1;52;0;4;0;0;5;3;1;10;6214;24;362;0;0
301;2026;59;9999;3;0;1;0;0;0;0;0;0;56;0;1;0;0;5;1;0;6;2688;0;321;0;0
312;2021;14;9999;21;2;8;6;0;0;0;1;2;70;0;23;15;8;39;19;4;6;18182;4;2417;0;0
312;2022;14;9999;3;0;0;2;-1;0;0;0;0;64;0;0;2;1;4;2;0;2;2315;0;152;0;0
312;2023;14;9999;7;0;1;4;2;0;0;0;0;66;0;5;5;2;10;5;2;0;4821;0;534;0;0
312;2025;44;9999;8;0;1;11;-1;0;0;0;0;53;0;7;32;14;12;3;0;0;3769;69;781;1;0
325;2021;5;9999;6;2;0;0;-1;0;0;0;0;53;0;10;0;0;4;1;1;4;6237;22;99;0;0
325;2022;5;9999;10;1;1;4;0;0;0;0;0;58;0;17;0;0;14;2;5;10;9835;0;781;0;0
325;2023;60;9999;12;1;2;0;-2;0;0;0;0;54;0;19;0;0;14;5;2;24;13721;143;1812;0;0
325;2026;47;9999;7;0;2;6;3;0;0;0;0;64;0;5;0;0;17;4;3;10;7833;0;797;0;0
326;2022;56;9999;9;0;3;9;-1;0;0;0;1;66;0;14;0;0;18;5;3;8;10125;136;1232;1;1
326;2023;56;9999;5;0;1;5;-1;0;0;0;0;66;0;1;0;0;10;5;1;8;5396;74;568;1;1
386;2021;38;9999;20;3;6;8;0;0;0;0;1;61;1;35;32;18;38;5;0;3;19552;217;1006;0;0
386;2022;38;9999;19;3;5;0;-2;0;1;0;0;59;1;23;54;31;22;7;4;3;17971;205;2566;0;0
386;2023;38;9999;5;1;1;14;-2;1;1;0;0;66;0;7;6;3;10;3;0;2;4717;859;0;0;0
400;2021;57;9999;11;1;10;4;-1;0;0;0;0;63;0;22;64;34;10;4;5;0;11412;535;1778;0;0
400;2022;14;9999;7;0;2;2;1;0;0;0;0;59;0;4;32;23;6;3;1;1;3880;0;91;0;0
400;2024;48;9999;13;2;4;0;-1;0;0;0;1;63;0;21;198;94;5;3;3;2;11398;0;1813;0;0
405;2025;50;9999;3;0;0;0;-5;0;0;0;0;56;0;2;14;8;3;0;1;2;2322;0;396;0;0
405;2026;45;9999;6;0;0;0;-1;0;0;0;0;55;0;4;4;2;5;0;1;2;2803;0;771;0;0
414;2022;38;9999;19;7;4;18;-1;0;0;0;0;68;1;38;28;13;55;11;8;3;17239;139;1243;0;0
431;2021;16;9999;5;1;2;0;-4;0;0;0;0;72;0;7;2;0;8;3;3;0;4751;944;0;0;0
431;2022;16;9999;6;4;2;0;-3;0;0;0;0;77;1;14;0;0;17;3;2;0;6054;979;21;0;0
431;2024;7;9999;6;1;1;0;-3;0;0;0;0;60;0;9;0;0;3;7;2;2;3414;145;0;0;0
494;2024;7;9999;6;0;2;0;0;0;0;0;0;70;0;13;3;0;11;6;4;1;4275;987;0;0;0
590;2023;14;9999;7;0;3;0;4;0;0;0;0;60;0;7;0;0;4;0;3;5;6466;13;434;0;0
590;2025;20;9999;1;0;0;0;-1;0;0;0;0;59;0;4;0;0;0;0;3;0;1040;0;166;0;0
594;2021;54;9999;6;0;1;0;-2;0;0;0;0;66;0;13;0;0;16;1;1;9;6980;139;765;0;0
594;2022;54;9999;22;4;10;10;9;0;0;0;0;67;1;45;0;0;55;14;4;37;26326;158;2857;0;0
594;2023;54;9999;17;2;4;0;9;0;0;0;1;70;0;37;0;0;22;2;6;28;18109;48;2905;0;0
594;2024;54;9999;20;3;3;17;7;0;0;0;0;65;2;35;0;0;38;4;6;18;19607;0;1065;1;0
594;2025;54;9999;5;0;1;0;2;0;0;0;0;71;0;14;0;0;5;0;1;4;4850;599;579;0;0
596;2023;50;9999;12;2;8;8;4;0;0;0;0;62;1;16;44;24;20;2;3;9;12527;0;1390;0;0
596;2025;50;9999;1;0;0;0;0;0;0;0;0;60;0;0;7;1;0;2;1;1;519;0;138;0;0
747;2022;17;9999;13;1;6;0;2;0;0;0;1;64;1;8;34;12;29;11;11;4;5933;0;1385;0;0
747;2024;58;9999;3;0;1;0;0;0;0;0;0;62;0;2;1;0;3;1;0;1;2141;0;162;0;0
1302;2022;123;9999;14;3;6;8;-8;1;1;0;0;67;1;17;163;87;37;4;6;6;11572;923;432;0;0
1302;2022;31;9999;1;0;0;0;0;0;0;0;0;56;0;1;6;3;1;1;0;0;600;0;0;0;0
1302;2023;123;9999;5;0;0;14;-1;0;0;0;0;55;0;7;6;5;8;1;0;3;4148;119;215;0;0
4264;2023;48;9999;12;1;3;0;7;0;0;0;0;69;0;16;0;0;10;0;7;20;12711;2960;425;0;0
