PlayerId;Year;Team Id;League Id;GP;Min;W;L;T/OL;ENG;SO;GA;SA;GR
0;2022;47;1;41;138113;20;15;3;1;2;124;1252;66
0;2023;0;0;48;168730;26;21;0;3;4;147;1673;78
0;2024;0;0;45;150340;21;20;1;5;3;143;1487;73
0;2025;0;0;39;113171;12;20;1;5;1;140;1141;62
0;2026;12;0;28;93212;11;11;2;5;1;77;816;72
0;2027;18;0;27;90718;12;11;1;1;2;95;861;69
8;2021;58;1;20;70123;7;12;1;1;0;62;702;72
8;2022;58;1;31;106636;14;13;2;1;1;90;903;65
8;2024;58;1;35;121570;22;5;5;1;2;84;977;73
8;2025;58;1;26;89004;13;9;3;0;0;83;781;64
8;2026;7;0;29;78651;8;13;1;2;1;99;820;64
8;2027;44;1;30;102678;17;9;2;1;2;88;898;66
102;2027;8;0;5;16627;2;3;0;0;0;17;163;70
102;2021;98;2;17;57407;8;4;3;0;0;46;450;62
102;2026;47;1;4;14782;1;2;1;0;0;15;151;70
102;2027;53;1;27;88124;10;15;1;0;3;88;852;68
124;2027;123;1;37;125072;12;17;5;3;0;113;1171;68
150;2021;60;1;39;137656;26;9;3;2;1;82;1015;69
150;2022;60;1;39;133211;19;16;2;1;4;105;1130;67
150;2023;60;1;42;146791;23;14;3;3;3;109;1069;64
150;2024;18;0;23;78444;15;7;0;2;0;73;761;76
150;2025;26;0;19;66567;12;6;0;2;0;58;620;76
150;2026;26;0;60;198074;20;30;5;6;3;197;1937;71
150;2027;26;0;22;53473;5;8;0;3;0;56;492;60
294;2021;31;0;51;183918;29;12;9;5;3;102;1213;71
294;2022;31;0;51;178263;33;15;1;0;2;163;1498;68
294;2023;31;0;40;143684;27;13;0;5;3;114;1263;76
294;2024;14;0;46;159710;24;16;3;5;5;120;1393;76
294;2025;14;0;35;111746;19;8;4;2;2;103;1098;74
294;2026;14;0;7;20976;1;4;0;3;0;24;187;59
294;2026;48;1;26;87631;10;12;2;4;1;85;864;69
294;2027;125;1;3;10800;2;1;0;0;0;13;98;60
294;2027;50;1;17;54765;9;6;1;1;2;40;396;63
384;2021;19;0;53;191562;37;14;1;3;8;103;1271;73
384;2022;19;0;55;199072;35;14;6;4;2;144;1389;67
384;2023;19;0;61;201925;27;21;10;2;2;191;1940;72
384;2024;28;0;34;110495;12;15;3;4;1;105;1002;68
384;2025;26;0;27;82415;9;13;0;5;0;76;786;70
384;2026;124;0;19;48081;1;12;0;2;0;67;560;64
384;2026;20;0;12;38168;4;6;0;3;0;45;365;64
384;2026;21;0;3;10762;1;2;0;1;0;10;102;75
384;2027;21;0;30;90816;9;9;4;0;1;97;806;62
442;2027;12;0;40;138772;23;10;5;1;1;117;1214;73
443;2021;56;1;43;151146;24;13;4;0;3;121;1370;72
443;2022;56;1;55;191827;31;21;2;2;4;155;1583;66
443;2023;56;1;31;101924;14;13;1;3;0;95;851;60
443;2024;21;0;56;181531;26;21;5;3;2;171;1552;66
443;2025;21;0;25;78187;8;14;0;2;0;81;761;67
443;2026;56;1;42;132444;16;22;0;2;2;123;1161;64
443;2027;3;0;9;29434;4;3;1;3;1;23;310;84
443;2027;7;0;22;70619;11;7;1;2;1;58;700;76
455;2021;39;1;55;199345;30;21;4;4;4;153;1677;70
455;2022;39;1;40;139750;20;13;5;1;1;121;1284;70
455;2023;45;1;52;180252;19;27;4;2;3;164;1669;68
455;2024;45;1;39;139784;18;17;3;0;5;112;1241;69
455;2025;45;1;46;160709;16;22;6;4;2;159;1513;64
455;2026;45;1;47;159131;25;15;6;0;3;126;1601;74
457;2027;29;0;1;3600;1;0;0;0;0;1;24;83
457;2021;38;1;38;136365;20;12;4;1;0;98;1099;68
457;2022;38;1;52;186761;30;15;6;2;4;123;1380;69
457;2023;36;1;25;91599;12;10;3;2;0;83;889;71
457;2024;3;0;28;93015;13;11;2;2;0;100;907;68
457;2025;23;0;57;188294;28;21;3;5;6;166;1649;71
457;2026;32;1;33;111785;11;16;3;0;3;100;998;66
457;2026;23;0;4;14397;2;2;0;0;0;15;122;64
457;2027;32;1;11;40104;7;3;1;0;2;21;371;83
457;2027;23;0;6;19878;2;4;0;1;0;23;167;58
457;2027;28;0;18;56020;4;12;0;3;0;63;510;62
526;2021;59;1;35;121920;23;8;3;1;2;86;996;68
526;2022;59;1;45;163813;28;13;4;0;4;116;1398;75
526;2023;59;1;38;126889;14;21;1;2;0;116;1085;65
526;2024;59;1;51;181420;23;26;1;3;4;145;1571;69
526;2025;59;1;42;147022;16;16;7;3;2;126;1230;65
526;2026;59;1;52;187133;33;14;5;2;3;149;1673;71
526;2026;1;0;3;9350;0;3;0;0;0;14;83;48
526;2027;59;1;29;100407;16;11;1;1;2;82;954;72
530;2021;12;0;62;224869;36;22;4;5;11;117;1427;71
530;2022;12;0;62;220261;38;21;2;6;6;158;1438;64
530;2023;28;0;54;186425;26;19;5;6;4;159;1678;73
530;2024;28;0;50;174249;27;20;2;9;2;154;1554;72
530;2025;28;0;62;205851;31;23;5;8;3;189;1843;70
530;2026;28;0;56;177272;24;24;3;5;1;185;1638;67
530;2027;28;0;21;66325;10;8;2;3;0;61;622;70
530;2027;23;0;20;67170;8;10;1;1;2;66;664;71
531;2021;32;1;30;103311;14;13;3;1;1;76;861;68
536;2021;5;0;61;217460;35;14;10;2;5;118;1419;72
536;2022;5;0;61;213091;31;25;3;5;1;207;1792;66
536;2023;7;0;41;135396;14;23;1;4;1;152;1356;68
536;2024;7;0;44;146851;25;12;4;4;4;121;1238;71
536;2025;124;0;23;78296;7;9;4;1;1;76;786;74
536;2025;3;0;22;75234;14;5;2;1;1;58;649;73
536;2026;3;0;56;195506;25;28;3;2;1;184;2008;78
536;2026;27;0;3;6688;0;2;0;0;0;10;54;45
536;2027;27;0;52;183105;28;22;2;6;5;163;1628;72
540;2021;56;1;27;96119;13;12;2;2;4;79;796;69
540;2022;56;1;25;82871;10;8;4;2;0;66;665;63
540;2025;21;0;52;175195;21;23;5;7;2;194;1664;67
540;2026;21;0;46;149766;18;17;4;4;1;159;1404;66
540;2027;21;0;44;144414;20;21;2;3;1;167;1337;62
551;2021;18;0;34;118917;16;14;3;5;1;89;942;71
551;2022;18;0;18;57824;11;2;2;1;2;36;405;70
551;2023;26;0;30;91733;9;18;1;3;0;95;896;68
551;2024;50;1;51;178041;24;21;5;2;2;155;1623;68
551;2025;50;1;55;194529;33;17;3;2;6;150;1714;72
551;2027;50;1;12;40001;5;7;0;0;1;32;334;64
567;2021;29;0;65;236494;37;22;6;6;11;127;1571;73
567;2022;29;0;54;196033;24;21;9;4;2;156;1505;68
567;2023;29;0;63;215189;28;28;4;10;0;220;2127;72
567;2024;29;0;54;186683;18;31;2;5;1;193;1872;72
567;2025;18;0;46;162522;26;16;2;8;4;136;1549;77
567;2026;24;0;41;137117;11;24;4;11;1;137;1306;70
567;2027;24;0;18;55445;6;8;2;1;1;56;457;60
613;2021;40;1;20;61004;6;8;2;2;0;45;496;65
613;2022;40;1;30;108805;14;13;3;3;1;90;955;69
613;2023;40;1;44;154171;24;14;5;3;4;109;1395;74
613;2024;26;0;22;66559;4;13;0;3;0;91;658;59
613;2025;53;1;34;121476;16;16;2;2;2;100;968;63
613;2026;53;1;5;15171;2;1;1;0;0;14;190;76
613;2026;40;1;42;136165;17;20;3;5;2;133;1377;69
613;2026;20;0;8;28272;4;4;0;0;0;32;272;65
613;2027;20;0;39;127223;18;15;3;4;0;127;1257;72
650;2021;55;1;49;173979;32;11;4;0;4;120;1461;73
650;2022;55;1;32;110081;19;10;2;0;3;82;990;71
650;2023;55;1;53;190022;27;19;6;2;4;155;1531;66
650;2024;55;1;45;153565;19;19;4;3;2;127;1255;64
650;2025;33;1;29;96439;15;11;1;2;0;83;764;59
665;2021;59;1;38;132313;23;10;3;1;3;87;992;68
665;2027;125;1;52;178733;18;30;2;3;2;190;1698;63
668;2022;48;1;43;149703;20;17;3;3;3;115;1277;69
668;2023;48;1;48;172408;26;17;4;6;6;117;1376;71
668;2024;48;1;40;141647;22;13;4;2;1;113;1158;67
668;2025;48;1;52;181776;29;21;1;2;3;143;1574;70
668;2026;48;1;2;7420;1;0;1;0;0;7;73;72
668;2026;14;0;50;171537;27;16;4;1;0;153;1680;76
668;2027;14;0;28;90307;14;9;1;0;0;103;867;66
690;2021;46;1;15;53210;7;7;1;2;0;37;382;66
690;2021;52;1;18;56348;4;11;1;1;0;59;552;65
690;2022;52;1;10;36039;4;5;1;1;0;31;378;78
690;2022;22;0;14;42391;5;6;1;0;0;34;306;62
690;2023;53;1;59;210815;35;19;4;4;8;150;1641;69
690;2024;8;0;36;118838;10;20;4;1;1;124;1087;66
690;2025;8;0;41;129333;17;16;3;5;1;126;1190;69
690;2026;8;0;5;18255;3;1;1;0;0;20;166;67
690;2026;18;0;29;83507;15;5;1;1;1;73;779;70
690;2027;152;0;32;99825;9;18;3;3;1;112;924;63
703;2021;13;0;31;112478;16;11;4;3;1;65;793;73
703;2022;13;0;48;169780;16;25;6;5;4;143;1285;66
703;2023;1;0;56;190090;25;24;5;4;3;179;1790;72
703;2024;1;0;38;123827;19;13;2;3;1;101;1062;71
703;2025;1;0;39;138388;16;19;3;3;3;133;1287;72
703;2026;1;0;45;155549;25;19;0;4;0;149;1487;73
703;2027;1;0;22;71621;10;7;2;2;1;63;728;76
704;2021;51;1;30;106142;13;15;2;1;2;84;846;68
704;2023;44;1;46;156087;17;24;2;1;4;136;1505;70
704;2025;27;0;28;95323;16;9;1;6;0;93;948;75
704;2026;27;0;26;83423;17;5;0;6;3;72;740;72
704;2026;3;0;15;53915;7;8;0;2;1;49;543;79
704;2027;36;1;42;142927;14;24;3;3;1;137;1464;69
733;2021;58;1;35;115602;9;22;2;1;2;114;1104;65
737;2021;75;3;27;89511;13;9;2;2;0;82;690;58
737;2022;75;3;19;65002;9;9;0;3;0;67;550;58
737;2023;50;1;38;130728;22;14;1;1;2;101;1118;69
737;2024;50;1;13;43359;3;8;0;1;0;42;381;59
737;2024;41;1;37;130390;22;13;2;3;3;100;1045;67
737;2025;50;1;21;72363;10;11;0;3;0;73;704;66
737;2026;50;1;0;0;0;0;0;0;0;0;0;0
737;2027;50;1;8;28775;3;2;2;2;0;26;225;63
738;2022;39;1;38;138314;18;14;6;3;0;113;1415;77
738;2025;18;0;38;134392;24;13;1;2;1;107;1254;77
738;2026;18;0;57;191719;27;26;2;2;2;199;1931;71
738;2027;18;0;22;75183;14;7;1;1;2;62;674;73
762;2021;53;1;18;56753;10;5;1;0;1;51;413;58
762;2024;53;1;12;37914;6;4;0;0;1;28;268;61
762;2026;53;1;5;18000;3;2;0;0;1;15;202;79
762;2026;8;0;11;37208;3;6;1;1;0;36;318;66
762;2026;25;0;18;62159;11;5;0;5;1;46;453;68
762;2027;25;0;41;147574;19;18;4;5;4;146;1376;69
830;2021;32;1;50;172793;31;13;2;5;0;126;1500;72
830;2022;32;1;34;122202;20;11;2;1;0;98;1025;66
830;2023;32;1;56;201414;38;13;4;2;9;115;1718;78
830;2024;32;1;55;195107;28;24;3;2;2;148;1723;72
830;2025;32;1;57;200584;37;16;2;4;5;131;1627;73
830;2026;50;1;5;16271;3;2;0;0;0;19;152;56
830;2026;26;0;26;77592;8;11;2;1;0;92;721;60
830;2027;26;0;49;171815;21;27;1;3;3;168;1745;76
862;2021;34;1;33;113350;16;15;1;1;1;89;1037;71
862;2021;2;0;0;0;0;0;0;0;0;0;0;0
862;2022;2;0;27;88078;12;12;1;2;0;95;724;59
862;2023;2;0;35;108914;8;20;3;2;1;111;1013;66
862;2024;2;0;33;102675;11;15;3;4;1;104;964;67
862;2025;2;0;54;186472;18;28;6;9;2;175;1717;70
862;2026;2;0;73;256020;42;25;5;7;6;230;2227;71
862;2027;2;0;29;102491;12;15;1;3;0;87;876;70
863;2021;46;1;36;125064;19;12;3;1;2;102;963;64
863;2022;40;1;5;15290;3;0;1;0;0;7;117;70
863;2023;40;1;35;121400;16;17;0;4;3;81;1089;75
863;2024;34;1;13;46828;5;5;2;1;0;39;414;68
863;2025;40;1;1;3600;1;0;0;0;0;2;35;88
864;2023;3;0;2;7644;0;0;2;0;0;7;52;60
864;2023;36;1;2;7200;1;1;0;0;0;6;59;61
864;2024;36;1;16;55337;8;7;1;0;1;42;473;70
864;2025;36;1;5;16010;1;2;1;0;0;14;144;67
864;2026;33;1;40;138316;18;20;0;1;4;124;1467;75
864;2027;3;0;8;29011;4;3;1;0;0;29;263;68
864;2027;33;1;5;18436;2;2;1;0;0;18;189;74
879;2024;3;0;4;9449;2;0;0;0;0;10;88;62
879;2024;19;0;12;41560;6;4;1;3;0;38;427;75
879;2024;31;0;21;74118;12;8;1;1;2;66;601;68
879;2025;31;0;27;93995;15;10;1;1;1;88;865;71
879;2025;30;0;6;21775;5;1;0;0;1;14;174;78
879;2026;30;0;16;58173;10;4;2;2;2;38;382;69
879;2027;124;0;32;105949;14;14;2;2;4;105;1082;75
888;2021;30;0;40;146197;30;6;3;0;6;71;914;73
888;2022;30;0;50;179051;38;8;3;1;8;86;1208;76
888;2023;30;0;44;159884;29;12;3;5;5;96;1192;75
888;2024;30;0;37;131313;18;16;2;5;5;83;997;74
888;2025;30;0;15;54196;12;2;1;0;1;36;371;69
888;2025;31;0;12;37813;5;3;1;1;0;32;350;73
888;2026;31;0;36;114557;20;10;2;2;4;95;963;69
888;2027;30;0;3;10708;1;2;0;1;0;9;82;67
889;2021;18;0;51;179395;27;17;5;6;7;106;1324;75
889;2022;18;0;67;239013;45;18;4;8;5;172;1693;69
889;2023;18;0;31;105358;16;12;1;3;3;82;931;74
889;2024;18;0;46;153049;24;17;2;5;3;145;1441;72
889;2025;19;0;46;156355;13;21;10;7;2;155;1518;72
889;2026;62;1;23;83389;15;6;2;1;0;74;671;62
889;2027;62;1;24;80164;14;7;1;4;2;46;648;73
892;2021;31;0;32;115710;24;7;1;0;7;59;793;75
892;2022;31;0;35;118170;31;2;0;0;3;88;920;72
892;2023;8;0;32;98440;12;13;2;1;1;109;897;63
892;2024;53;1;31;110056;20;10;1;0;1;83;825;66
892;2025;53;1;43;152947;25;16;1;1;0;116;1327;71
892;2026;53;1;27;83177;7;14;3;0;1;85;840;65
892;2027;59;1;40;141655;18;21;0;3;1;115;1221;68
904;2021;49;1;1;3600;1;0;0;0;0;2;28;75
904;2022;49;1;59;204569;25;28;3;1;3;186;2117;74
904;2023;60;1;36;129215;18;15;3;1;4;100;937;63
904;2024;60;1;34;114190;12;19;1;3;0;107;1047;64
904;2025;60;1;32;110904;18;12;2;0;3;83;885;67
904;2026;18;0;6;21533;3;3;0;1;0;21;215;76
904;2026;29;0;1;3600;1;0;0;0;0;3;23;60
904;2027;29;0;11;31513;5;4;0;0;1;29;279;66
904;2027;3;0;22;76343;8;10;3;2;2;77;756;74
929;2021;8;0;57;201032;25;28;3;9;8;134;1491;72
929;2022;8;0;61;207295;18;35;4;7;2;227;1956;67
929;2023;8;0;60;197757;16;33;6;10;0;195;1759;66
929;2024;8;0;53;177635;19;26;3;4;2;159;1525;69
929;2025;8;0;52;167352;16;27;3;2;0;175;1633;69
929;2026;8;0;54;192705;29;21;4;4;3;165;1683;72
929;2027;8;0;46;153381;22;14;5;3;2;132;1300;68
930;2021;86;2;48;165266;21;20;5;0;1;175;1566;62
930;2022;86;2;55;179339;23;28;2;1;2;190;1841;64
930;2023;55;1;26;86452;13;8;3;0;3;58;767;73
930;2024;55;1;34;121988;16;15;3;2;3;89;1101;73
930;2025;55;1;41;143443;20;17;3;1;1;128;1223;64
930;2026;55;1;53;190007;33;15;4;2;4;133;1556;70
930;2027;55;1;49;175407;35;11;3;0;0;121;1482;73
933;2021;2;0;67;238628;25;35;7;12;6;174;1726;68
933;2022;2;0;61;210567;18;30;9;5;1;186;1631;64
933;2023;2;0;55;187656;18;29;4;5;3;195;1746;68
933;2024;2;0;57;194351;17;30;6;4;1;196;1884;70
933;2025;124;0;2;7184;0;2;0;0;0;6;66;75
933;2025;27;0;55;192910;31;21;2;7;3;156;1645;73
933;2026;19;0;60;199103;17;32;4;9;2;204;1991;72
933;2027;19;0;47;155240;19;22;4;7;1;138;1423;72
945;2021;35;1;38;120821;13;19;2;2;1;132;1207;61
945;2022;35;1;52;185956;19;29;3;2;1;154;1801;73
945;2023;44;1;0;0;0;0;0;0;0;0;0;0
945;2023;30;0;19;68932;14;3;2;0;2;46;524;73
945;2024;30;0;46;165705;31;10;5;3;8;99;1255;77
945;2025;30;0;37;134549;25;7;5;1;4;75;1047;78
945;2026;30;0;36;131146;27;3;6;0;4;100;1025;72
945;2027;30;0;32;111191;25;4;1;1;1;61;800;73
952;2021;20;0;54;197227;34;13;7;3;9;102;1256;72
952;2022;20;0;66;241312;49;9;8;4;6;159;1732;71
952;2023;20;0;37;126890;20;12;2;1;5;98;1071;73
952;2024;20;0;61;207332;29;23;5;4;5;174;1944;75
952;2025;20;0;56;196160;33;16;6;4;3;167;1842;76
952;2026;20;0;56;185873;31;19;2;6;4;156;1510;69
952;2027;20;0;34;112142;16;13;1;2;1;108;1018;68
958;2027;53;1;28;80101;6;12;2;0;1;79;800;62
977;2021;107;4;41;146779;26;11;3;1;3;126;1241;65
977;2025;38;1;9;32559;1;7;1;1;0;36;319;59
977;2027;40;1;45;146975;18;18;6;0;2;142;1515;69
982;2021;51;1;43;154730;18;22;2;2;2;140;1396;64
982;2022;51;1;63;219403;27;29;4;3;3;191;1863;65
982;2023;50;1;1;3600;0;1;0;0;0;2;27;61
982;2024;50;1;17;53962;9;6;0;3;3;39;483;71
982;2025;45;1;34;115645;11;17;4;1;1;106;1066;65
982;2026;28;0;17;46900;5;6;0;1;1;42;411;66
982;2027;28;0;32;96077;7;12;5;6;0;99;974;70
1021;2021;11;0;42;143292;14;19;6;4;5;89;1014;69
1021;2022;11;0;36;121756;9;20;4;2;1;110;947;64
1021;2023;14;0;43;152110;24;18;1;7;4;133;1271;70
1021;2024;31;0;55;183384;29;13;7;4;4;147;1579;72
1021;2025;31;0;49;166120;28;16;3;3;3;145;1525;74
1021;2026;31;0;6;19948;1;3;1;1;0;29;197;55
1021;2026;123;1;29;92770;11;14;0;3;2;83;845;68
1021;2027;30;0;31;106996;19;8;3;2;6;71;758;70
1044;2021;3;0;36;125323;14;17;4;5;1;82;787;64
1044;2022;3;0;47;165509;11;34;1;7;3;164;1389;65
1044;2023;3;0;44;149600;27;12;2;2;0;128;1291;71
1044;2026;17;0;47;155694;19;18;5;4;1;155;1424;68
1044;2027;43;1;44;154991;18;19;6;3;0;143;1463;67
1064;2021;4;0;56;201455;20;26;9;5;9;130;1377;70
1064;2022;4;0;47;146591;13;26;3;4;0;187;1531;65
1064;2023;20;0;49;169484;26;20;2;5;3;151;1591;73
1064;2024;20;0;3;9425;0;3;0;1;0;16;113;59
1064;2024;57;1;10;35841;4;4;1;0;1;27;352;75
1064;2024;19;0;3;6863;0;1;0;0;0;8;63;57
1064;2024;12;0;13;43487;7;5;0;1;1;45;384;66
1064;2025;20;0;14;50658;7;5;2;0;1;53;489;72
1064;2025;40;1;15;48249;8;5;0;0;2;36;412;71
1064;2027;7;0;5;16624;1;3;0;0;0;24;180;63
1064;2027;3;0;21;75942;11;7;3;3;0;62;704;78
1067;2021;50;1;11;33097;4;5;0;0;0;33;282;57
1130;2021;53;1;44;140658;22;14;3;1;3;110;1110;64
1130;2022;14;0;52;185011;35;13;4;2;8;140;1237;65
1130;2023;48;1;28;96178;15;12;1;0;2;71;718;65
1130;2024;48;1;38;134631;15;18;4;4;2;97;1132;70
1130;2025;48;1;28;93135;13;12;0;4;2;82;771;62
1130;2026;48;1;6;21795;2;3;1;1;0;17;195;70
1153;2027;125;1;14;38241;2;7;1;1;0;43;371;59
1153;2021;61;1;13;44101;7;5;0;0;1;33;391;73
1153;2021;36;1;23;78685;9;11;1;2;2;71;677;65
1153;2022;34;1;2;7178;1;1;0;1;0;4;55;78
1155;2021;40;1;52;182891;24;23;4;0;6;151;1437;65
1155;2022;40;1;42;152249;30;10;2;4;3;106;1293;73
1155;2022;20;0;5;18000;4;1;0;0;0;11;95;60
1155;2023;56;1;20;66594;13;5;0;0;1;38;536;72
1155;2024;56;1;27;85472;14;7;1;1;1;64;800;69
1155;2025;3;0;2;7200;0;2;0;0;0;10;61;48
1155;2025;36;1;35;119432;16;16;1;1;2;97;1008;66
1155;2026;36;1;7;25441;2;5;0;0;0;26;256;66
1155;2026;3;0;2;7220;1;0;1;0;0;7;78;81
1218;2021;44;1;32;115410;16;16;0;0;4;96;1017;69
1218;2021;6;0;7;25027;3;4;0;3;1;16;165;69
1218;2022;6;0;42;141093;13;22;3;4;3;118;1021;64
1218;2023;14;0;41;145485;28;9;2;1;5;110;1232;75
1218;2024;14;0;39;136594;24;15;0;4;2;115;1224;74
1218;2025;14;0;54;185355;28;19;4;4;2;183;1904;76
1218;2026;14;0;34;104038;15;15;0;4;1;95;956;69
1218;2027;14;0;45;148803;25;15;2;3;2;134;1431;74
1222;2021;10;0;70;249204;37;26;6;6;8;152;1803;73
1222;2022;10;0;72;252255;41;25;5;4;5;214;2116;70
1222;2023;10;0;48;172683;24;19;4;3;5;117;1463;77
1222;2024;10;0;23;75642;10;10;1;2;3;73;718;71
1222;2025;10;0;55;193979;31;20;3;5;2;173;1843;75
1222;2026;10;0;58;207790;19;31;8;5;1;197;2162;77
1222;2027;10;0;34;114288;6;22;5;2;1;137;1119;65
1242;2021;37;1;43;153975;21;18;3;3;1;118;1296;71
1242;2021;25;0;0;0;0;0;0;0;0;0;0;0
1242;2022;25;0;64;223446;30;29;3;4;1;215;2016;70
1242;2023;25;0;26;89001;15;8;1;2;3;75;766;71
1242;2024;38;1;2;7534;0;0;2;0;0;6;60;59
1242;2024;20;0;26;79981;15;7;0;3;1;69;729;71
1242;2025;20;0;16;50519;6;6;1;3;2;44;510;75
1242;2026;40;1;3;11039;1;1;1;0;0;7;102;77
1242;2026;20;0;4;14442;2;1;1;0;0;19;135;61
1242;2026;17;0;20;61588;8;9;0;2;0;65;556;64
1247;2021;26;0;25;88520;11;10;3;2;1;79;610;60
1247;2022;26;0;41;138962;23;10;3;3;4;109;1130;71
1247;2023;23;0;55;190990;24;23;4;4;2;169;1737;72
1247;2024;23;0;56;196702;27;23;4;9;6;155;1719;75
1247;2025;32;1;18;60626;10;4;3;0;1;51;458;60
1247;2025;23;0;6;21173;1;4;1;1;0;26;190;61
1247;2026;30;0;31;110179;22;4;4;2;4;58;807;77
1247;2027;18;0;18;61060;11;6;0;2;2;55;576;73
1259;2021;9;0;15;50493;7;3;2;1;0;31;379;73
1259;2022;9;0;31;101976;20;8;2;1;2;76;685;63
1259;2023;9;0;36;127557;25;8;3;0;3;120;1126;71
1259;2024;62;1;19;66279;10;3;4;1;0;54;502;61
1259;2025;38;1;0;0;0;0;0;0;0;0;0;0
1259;2025;125;1;7;23500;2;3;0;0;0;23;221;67
1264;2021;15;0;32;114890;10;20;2;4;3;91;844;66
1264;2022;15;0;35;111280;6;22;2;3;0;131;1090;65
1264;2023;24;0;44;131881;12;25;0;5;1;153;1355;66
1264;2024;24;0;38;117377;15;17;0;5;3;126;1132;67
1264;2025;24;0;41;138794;18;18;2;2;2;125;1201;70
1264;2026;58;1;21;63669;7;8;1;2;0;61;623;66
1264;2027;58;1;47;161257;30;13;1;2;6;106;1314;73
1269;2021;60;1;39;137962;20;12;6;0;1;97;1061;68
1269;2022;60;1;41;141922;21;14;4;4;2;115;1196;68
1269;2024;60;1;45;160195;18;24;2;4;1;133;1464;69
1269;2025;60;1;48;164177;23;14;7;3;3;131;1351;66
1269;2027;56;1;25;84306;14;7;2;2;4;55;665;69
1272;2021;61;1;22;68804;8;10;2;0;0;65;669;65
1272;2022;123;1;29;95710;18;7;1;0;1;83;822;65
1272;2023;123;1;52;181545;27;21;3;1;3;148;1465;65
1275;2021;45;1;39;128983;18;15;2;0;1;102;1207;71
1275;2022;53;1;37;131066;20;11;5;0;1;94;1057;68
1275;2023;45;1;29;94926;8;16;2;1;0;83;945;71
1275;2024;45;1;40;135921;16;20;2;4;1;128;1168;62
1275;2024;28;0;3;10768;2;1;0;1;1;5;74;81
1275;2025;28;0;32;90271;13;7;3;3;1;89;790;64
1275;2026;28;0;22;72269;7;11;2;2;0;77;661;66
1275;2027;28;0;4;12906;1;2;1;0;0;16;117;58
1294;2021;9;0;69;244101;44;19;6;4;14;119;1612;74
1294;2022;9;0;55;193747;38;13;1;3;7;129;1311;68
1294;2023;9;0;49;168098;29;15;2;3;1;117;1357;74
1294;2024;9;0;46;157971;20;16;6;4;2;137;1339;70
1294;2025;9;0;46;151224;28;15;1;2;3;129;1390;73
1294;2026;9;0;56;195775;23;28;3;3;5;180;1660;68
1294;2027;9;0;36;124118;20;9;4;2;1;102;1024;70
1299;2022;52;1;53;191548;16;33;4;7;3;186;1953;71
1300;2021;1;0;63;226527;23;30;9;6;9;154;1540;68
1300;2022;1;0;48;173483;27;18;3;4;4;123;1289;70
1300;2023;1;0;34;106977;13;13;2;6;1;102;962;68
1300;2024;1;0;50;172985;24;20;4;8;5;156;1519;70
1300;2025;1;0;46;158349;20;21;3;8;3;132;1471;76
1300;2026;29;0;28;92015;10;15;2;5;1;96;838;67
1331;2021;42;1;2;7200;1;1;0;0;0;5;68;72
1331;2022;50;1;23;78091;11;10;2;0;1;72;650;63
1351;2021;50;1;53;184745;24;21;6;5;4;147;1760;73
1351;2022;37;1;41;144680;20;14;6;0;2;130;1252;66
1351;2023;37;1;22;70915;9;10;0;0;0;55;652;72
1358;2022;42;1;52;183083;23;25;3;5;2;154;1686;69
1396;2021;25;0;33;116698;14;13;4;1;4;73;793;68
1396;2022;37;1;37;130852;18;15;3;3;2;101;1146;71
1396;2023;38;1;48;167302;20;22;4;4;3;134;1342;65
1396;2024;25;0;44;145916;19;14;3;4;1;145;1413;70
1396;2025;25;0;45;153373;20;23;1;7;4;149;1383;69
1396;2026;38;1;41;141068;22;16;2;0;1;120;1080;63
1410;2021;62;1;28;93859;9;13;4;0;0;84;771;63
1410;2022;62;1;45;156330;29;14;0;2;3;114;1328;71
1410;2023;62;1;31;109359;19;11;1;3;1;91;910;64
1410;2023;19;0;7;22230;3;3;0;1;0;21;213;72
1410;2024;62;1;29;100952;14;14;1;1;2;83;775;64
1433;2027;38;1;0;0;0;0;0;0;0;0;0;0
1433;2021;62;1;44;152283;21;20;1;2;2;123;1225;69
1433;2022;19;0;28;99533;19;5;3;1;2;63;669;69
1433;2023;62;1;14;50587;6;7;1;2;0;35;360;64
1433;2023;19;0;16;53267;5;8;1;1;0;58;499;66
1433;2024;62;1;18;66006;11;3;4;0;0;53;560;70
1433;2024;19;0;3;7460;1;1;0;1;0;9;67;57
1433;2024;40;1;30;100300;11;15;1;1;0;94;955;68
1454;2022;42;1;29;92652;13;11;1;0;1;75;768;64
1481;2021;36;1;5;17962;2;3;0;1;0;18;172;63
1481;2022;36;1;48;170148;19;25;3;2;2;147;1468;65
1481;2023;43;1;45;158523;19;20;4;4;0;137;1440;69
1481;2024;43;1;54;190214;28;20;4;2;6;143;1650;71
1481;2025;43;1;32;104000;6;21;1;0;0;116;1009;63
1507;2021;41;1;42;135100;11;23;5;2;0;144;1486;70
1507;2022;41;1;43;143994;19;22;0;1;2;128;1201;63
1507;2022;7;0;6;19895;3;0;2;0;0;16;167;72
1507;2023;41;1;26;89822;10;12;2;1;3;71;838;70
1507;2024;41;1;20;68620;8;8;2;3;1;59;586;66
1507;2024;7;0;2;7145;0;2;0;1;0;9;67;60
1507;2025;7;0;27;78499;9;9;3;1;0;81;681;62
1507;2026;41;1;46;164130;29;14;3;2;5;125;1346;70
1507;2027;41;1;19;65226;7;9;2;1;1;47;554;72
1507;2027;50;1;30;104486;14;11;3;1;3;85;816;65
1523;2021;48;1;41;139215;9;25;5;0;2;126;1272;64
1523;2022;33;1;54;188228;27;23;3;3;2;161;1581;64
1523;2023;34;1;44;145564;18;21;3;3;1;131;1380;68
1523;2024;34;1;17;58864;11;6;0;0;1;44;491;68
1531;2027;153;1;14;44322;6;5;1;2;0;39;408;67
1547;2021;16;0;18;64656;6;9;2;1;1;49;439;64
1547;2022;16;0;15;48702;5;8;0;4;0;54;467;64
1547;2024;57;1;21;72743;12;6;2;1;0;54;615;69
1547;2025;9;0;44;146014;24;10;4;1;3;122;1362;75
1547;2026;55;1;1;3600;1;0;0;0;0;3;32;75
1547;2026;9;0;9;29138;3;3;1;0;0;32;265;64
1547;2026;48;1;11;38172;5;5;0;0;0;33;347;67
1547;2027;48;1;21;72513;10;7;2;1;1;71;685;67
1557;2021;36;1;1;3600;1;0;0;0;0;3;25;53
1557;2022;36;1;31;105162;16;10;3;1;1;85;883;67
1588;2021;1;0;17;57101;9;7;0;2;0;44;372;62
1588;2021;59;1;2;7200;2;0;0;0;0;6;49;56
1588;2022;59;1;31;112155;14;17;0;1;0;98;978;70
1588;2023;59;1;43;149450;20;15;5;2;2;115;1229;68
1588;2025;62;1;1;3600;0;1;0;0;0;2;38;87
1588;2025;57;1;31;111179;22;7;2;0;1;86;870;67
1615;2021;35;1;46;154737;17;24;1;2;3;144;1535;69
1615;2022;35;1;27;89316;11;12;2;0;0;87;919;67
1615;2023;62;1;32;115619;11;15;5;2;2;94;961;67
1615;2023;19;0;7;19748;2;2;0;0;0;31;188;49
1615;2024;62;1;12;43372;6;5;1;1;0;35;298;60
1615;2024;40;1;6;22604;3;0;3;0;1;9;187;89
1615;2024;19;0;16;50398;5;7;0;4;0;52;484;68
1615;2025;19;0;42;141352;17;17;4;4;2;143;1376;71
1615;2026;21;0;18;55087;8;9;1;1;0;67;493;58
1615;2026;56;1;1;3600;1;0;0;0;0;2;17;55
1615;2026;19;0;15;51225;4;7;2;2;0;47;506;75
1615;2027;19;0;24;77029;8;9;2;4;1;63;694;73
1619;2021;23;0;45;158585;15;23;4;4;1;126;1159;65
1619;2022;32;1;43;154401;29;9;5;1;3;110;1173;68
1619;2023;23;0;33;106075;16;14;1;3;2;90;877;67
1619;2024;23;0;29;99294;16;11;1;2;3;87;876;72
1619;2025;30;0;24;87245;14;9;1;2;1;66;661;70
1619;2026;60;1;53;181399;28;19;2;2;6;146;1532;68
1633;2027;38;1;32;116635;14;14;4;3;2;84;935;70
1633;2021;57;1;41;147781;25;13;3;0;1;105;1139;68
1633;2022;57;1;55;196291;27;26;2;4;5;152;1645;69
1633;2023;57;1;12;43178;10;2;0;0;2;22;302;72
1633;2023;12;0;31;93650;7;18;1;4;2;112;919;63
1633;2024;57;1;19;69189;11;5;3;0;1;44;551;73
1633;2024;12;0;12;38723;6;3;1;1;1;33;338;72
1633;2025;12;0;11;29326;3;5;0;1;0;39;300;60
1633;2026;57;1;30;99107;13;11;4;1;0;98;857;61
1637;2027;54;1;1;3600;0;1;0;0;0;6;36;45
1637;2026;59;1;1;3600;0;1;0;0;0;5;38;52
1637;2021;6;0;21;72759;5;10;5;1;4;44;468;69
1637;2021;30;0;4;14700;3;1;0;0;1;6;107;80
1637;2022;44;1;37;133376;17;16;4;2;2;109;1141;69
1637;2023;44;1;29;100150;10;17;1;3;0;92;923;68
1637;2024;44;1;9;32938;3;4;2;0;0;32;315;71
1637;2024;33;1;27;94813;16;8;2;2;2;62;824;75
1639;2021;4;0;28;96034;8;16;3;1;1;74;712;67
1639;2022;4;0;50;149791;11;29;0;6;0;174;1491;64
1639;2023;33;1;50;176875;29;16;4;2;1;131;1503;70
1639;2025;56;1;1;3900;0;0;1;0;0;3;33;76
1639;2026;33;1;3;10800;2;1;0;0;0;9;89;62
1641;2022;61;1;59;191854;21;25;7;1;1;188;1988;70
1641;2023;25;0;58;207877;35;19;4;4;9;154;1874;78
1641;2024;25;0;49;151126;27;16;3;5;2;133;1442;71
1641;2025;25;0;32;107291;13;14;2;2;1;103;959;68
1641;2026;25;0;48;161525;28;14;4;6;1;141;1336;68
1641;2027;29;0;1;3600;1;0;0;0;0;3;28;67
1651;2021;7;0;49;178529;26;18;5;2;4;101;1199;72
1651;2022;7;0;59;204875;17;34;7;5;1;208;1746;64
1651;2023;7;0;49;160943;17;22;5;7;2;145;1507;73
1651;2024;7;0;42;143570;20;17;2;3;1;140;1336;70
1651;2025;7;0;65;218654;31;27;3;5;0;229;1981;66
1651;2026;7;0;65;217241;22;33;5;7;2;219;2150;72
1651;2027;7;0;42;144831;25;10;6;0;3;119;1379;78
1652;2021;47;1;47;164604;27;14;4;3;1;123;1323;68
1652;2022;47;1;41;138102;17;16;5;0;2;119;1176;66
1652;2023;47;1;62;222158;32;26;4;0;4;164;1807;69
1652;2024;47;1;41;142329;19;18;3;3;2;116;1278;71
1652;2025;47;1;30;104972;9;21;0;4;2;117;1018;62
1652;2025;0;0;18;61165;9;8;0;2;0;64;585;70
1652;2026;0;0;21;71399;10;7;1;3;2;55;682;79
1652;2026;47;1;8;25690;3;5;0;0;0;28;226;55
1652;2027;0;0;34;118477;18;13;2;0;2;106;1096;74
1658;2021;28;0;47;163658;24;17;5;3;6;96;1066;69
1658;2022;28;0;57;196125;22;29;5;7;1;193;1701;67
1658;2023;28;0;36;110458;16;15;1;3;2;122;1026;64
1658;2024;19;0;11;35955;2;9;0;2;0;45;359;63
1658;2024;3;0;48;164369;21;21;3;4;1;160;1504;69
1658;2025;3;0;19;63314;11;7;0;2;1;53;511;67
1658;2025;124;0;27;84605;5;17;1;5;0;91;935;73
1658;2026;124;0;44;150455;16;22;3;8;1;169;1658;74
1658;2027;124;0;42;132682;12;21;3;4;0;159;1374;67
1664;2021;37;1;30;108790;15;10;5;2;1;84;915;70
1664;2022;123;1;51;179742;28;18;4;1;4;132;1395;66
1664;2023;10;0;31;100609;14;11;3;3;2;90;908;71
1664;2024;10;0;54;187455;22;26;4;4;0;175;1801;73
1664;2025;10;0;31;103908;16;9;3;6;2;79;993;79
1664;2026;10;0;12;41269;7;3;1;0;1;31;369;77
1664;2026;31;0;26;87763;12;12;0;2;1;81;854;74
1664;2027;31;0;38;137269;27;8;2;2;3;115;1257;77
1681;2027;53;1;6;20106;0;6;0;0;0;26;187;52
1737;2026;37;1;2;7179;0;2;0;0;0;8;70;59
1771;2026;60;1;8;29201;6;0;2;0;0;19;259;80
1771;2026;53;1;47;159585;15;23;5;1;4;163;1621;68
1771;2027;45;1;16;54527;11;3;1;0;0;40;490;71
1798;2027;60;1;0;0;0;0;0;0;0;0;0;0
1828;2021;70;3;23;73295;8;8;3;0;1;62;618;61
1828;2022;70;3;20;59041;6;9;2;0;0;71;596;59
1828;2023;58;1;37;118330;16;16;0;3;1;99;1001;64
1828;2024;24;0;54;178855;22;26;2;3;3;200;1855;70
1828;2025;24;0;45;158377;23;17;4;3;0;148;1343;68
1828;2026;24;0;46;158389;20;22;1;4;2;143;1444;72
1828;2027;24;0;49;172053;20;23;4;4;3;156;1526;71
1831;2021;84;3;30;99021;14;12;1;1;1;92;915;65
1831;2022;84;3;41;130687;16;17;4;2;3;141;1361;66
1831;2023;32;1;2;7500;1;0;1;0;1;1;52;80
1831;2024;32;1;24;81308;6;13;2;1;0;88;855;66
1831;2027;57;1;24;82042;16;6;1;1;3;52;603;70
1831;2027;12;0;7;25408;3;4;0;2;0;23;202;66
1835;2021;71;3;50;173823;24;18;5;0;1;150;1421;64
1835;2022;71;3;52;186538;31;16;5;2;0;162;1496;62
1835;2024;123;1;6;21530;3;3;0;1;0;21;194;66
1835;2026;34;1;31;98190;17;9;2;2;2;88;946;69
1835;2027;33;1;43;147865;24;15;2;0;4;129;1306;67
1852;2022;45;1;28;90738;5;18;1;1;1;91;895;66
1852;2025;125;1;34;113679;10;19;2;2;0;110;1118;67
1852;2026;32;1;7;23306;2;5;0;0;0;29;215;55
1852;2027;153;1;53;188974;23;23;6;1;4;151;1731;72
1893;2021;101;2;39;123330;16;17;2;3;0;139;1174;60
1893;2022;101;2;42;140079;22;13;3;1;0;123;1146;64
1893;2023;36;1;7;25150;2;5;0;1;0;21;269;76
1893;2024;36;1;52;183447;25;22;3;3;3;139;1548;71
1893;2025;36;1;40;139673;12;24;3;2;2;140;1229;63
1893;2026;36;1;38;131047;5;31;1;4;0;146;1415;68
1893;2026;3;0;0;0;0;0;0;0;0;0;0;0
1893;2027;3;0;6;17390;2;3;0;0;1;22;180;63
1893;2027;36;1;19;62989;6;11;0;2;0;65;617;66
1897;2026;125;1;28;91113;11;11;3;0;1;84;924;71
1919;2027;34;1;42;145795;13;22;5;3;1;145;1350;64
1926;2022;62;1;1;3600;1;0;0;0;0;2;28;77
1926;2024;37;1;19;61466;8;8;1;0;1;50;571;72
1926;2026;47;1;53;187319;29;16;6;4;4;146;1724;73
1926;2027;47;1;48;166586;16;27;1;7;0;171;1665;68
1959;2022;48;1;36;125147;14;19;3;3;2;117;1117;65
1959;2023;48;1;2;6094;1;0;0;0;0;6;61;65
1959;2025;54;1;64;228056;34;21;7;3;4;156;1815;70
1959;2026;33;1;33;115726;14;15;3;1;2;110;1229;76
1959;2027;48;1;46;163645;20;22;4;1;1;157;1529;68
2021;2021;102;2;51;170845;21;22;3;4;2;187;1712;63
2021;2021;22;0;1;3600;1;0;0;0;0;1;23;80
2021;2022;102;2;54;183809;18;32;2;3;0;228;1848;60
2021;2025;59;1;36;127168;16;14;6;1;1;128;1044;59
2021;2027;34;1;25;83585;11;11;1;1;0;80;776;63
2062;2021;78;3;46;152157;20;18;2;3;1;140;1350;64
2062;2022;46;1;15;53750;11;2;2;0;1;37;429;67
2062;2023;33;1;28;98940;16;10;1;1;3;66;786;71
2062;2024;29;0;34;109993;11;18;2;5;0;122;1082;68
2062;2025;29;0;54;190190;26;22;5;6;2;171;1829;75
2062;2026;27;0;59;206640;38;17;3;6;5;191;1833;70
2062;2027;27;0;16;48386;7;3;2;3;0;43;402;66
2075;2021;45;1;9;27301;2;5;1;0;0;27;272;64
2075;2022;54;1;33;118857;18;5;8;1;1;84;816;62
2075;2024;38;1;32;107868;16;12;1;1;3;69;764;65
2075;2025;54;1;11;36683;5;5;1;2;0;34;279;56
2075;2026;54;1;33;108029;15;14;1;3;2;103;1114;72
2075;2027;54;1;45;162495;23;17;4;3;2;129;1461;74
2115;2026;59;1;22;71293;8;12;0;2;0;75;645;59
2115;2027;45;1;49;173180;32;15;1;1;4;130;1471;70
2116;2021;99;2;40;121661;13;17;5;1;3;137;1041;55
2116;2022;99;2;34;102091;10;20;1;3;1;128;978;54
2116;2024;40;1;24;75450;9;9;3;1;1;67;694;66
2116;2025;41;1;23;73097;3;14;3;1;0;84;736;62
2116;2026;41;1;31;111761;17;11;2;1;4;84;884;67
2116;2027;41;1;33;113306;16;13;2;5;0;94;952;65
2123;2021;115;4;56;198603;31;23;2;1;6;158;1476;64
2123;2022;115;4;57;201732;24;28;4;3;2;201;1821;64
2123;2023;37;1;58;204194;25;29;3;2;3;171;1860;70
2123;2024;40;1;22;77928;9;12;1;2;1;73;788;72
2123;2025;47;1;46;156895;17;22;4;2;1;147;1574;72
2123;2026;0;0;23;80393;13;7;3;0;1;64;745;76
2123;2026;8;0;14;48450;9;3;1;0;2;31;356;73
2123;2027;53;1;12;40046;2;7;2;0;0;39;397;68
2123;2027;8;0;20;56247;8;6;2;2;0;57;485;62
2282;2021;33;1;31;112119;14;12;4;1;1;99;1103;71
2401;2021;55;1;4;14353;2;2;0;0;0;14;118;59
2459;2024;82;3;8;20728;0;3;2;0;0;22;263;62
2462;2022;74;3;20;65936;10;7;1;1;1;51;489;61
2462;2021;74;3;34;111063;14;16;0;1;2;87;911;64
2463;2021;81;3;44;151377;22;16;4;1;3;135;1253;62
2485;2021;65;3;33;109919;8;20;3;4;1;129;1090;60
2485;2022;65;3;27;78605;7;8;5;0;0;90;743;56
2485;2023;65;3;44;160002;28;15;0;0;3;131;1311;65
2499;2021;78;3;30;93785;8;17;3;3;1;98;823;57
2499;2022;78;3;54;175503;20;24;5;1;1;199;1864;64
2513;2021;63;3;32;113132;22;9;1;0;1;95;966;67
2514;2021;68;3;19;44015;3;8;0;1;0;66;492;52
2571;2021;73;3;51;165911;12;32;4;4;2;177;1675;64
2571;2022;73;3;50;154226;13;34;1;3;1;188;1851;65
2571;2023;41;1;51;178474;22;23;5;2;4;142;1675;72
2574;2021;79;3;7;24951;2;5;0;0;0;28;219;56
2579;2021;80;3;19;63891;8;8;2;0;0;65;559;59
2580;2022;72;3;26;80370;11;9;4;1;0;84;787;62
2580;2021;72;3;32;101815;16;9;3;2;1;95;852;60
2601;2022;69;3;65;228004;37;23;5;2;4;233;2020;62
2601;2021;69;3;48;167938;27;18;2;1;1;155;1426;62
2603;2021;81;3;20;69055;8;9;2;2;0;69;611;58
2603;2021;67;3;21;67605;12;7;0;1;1;58;625;65
2627;2021;64;3;35;123843;21;9;4;1;2;108;1027;66
2653;2021;66;3;28;89088;10;16;0;0;0;112;983;62
2653;2022;66;3;18;48592;4;9;0;1;1;63;522;57
2653;2023;66;3;47;168111;30;14;3;2;5;129;1283;65
2653;2025;44;1;44;149857;24;13;3;2;2;118;1210;64
2653;2026;44;1;55;192084;36;14;1;1;3;131;1535;70
2653;2027;44;1;37;128132;17;18;1;3;0;120;1198;67
2664;2021;77;3;45;147995;16;19;6;1;1;149;1535;66
2664;2022;77;3;58;201086;37;16;3;1;3;174;1760;66
2664;2023;77;3;45;159020;29;14;1;1;4;112;1221;69
2664;2024;43;1;25;86142;12;11;1;1;0;73;760;70
2664;2025;43;1;51;172244;24;20;4;3;1;150;1593;69
2664;2026;43;1;44;143789;17;21;2;1;0;143;1507;71
2664;2026;17;0;2;7468;0;1;1;1;0;6;47;56
2664;2027;17;0;23;69510;6;12;1;1;0;87;670;61
2680;2021;76;3;39;127020;20;12;3;0;1;116;1050;59
2680;2022;76;3;45;145845;22;16;4;1;5;114;1273;67
2681;2021;79;3;4;9122;2;1;0;0;0;12;55;39
2681;2022;71;3;12;38082;7;2;1;1;1;28;277;60
2689;2021;80;3;51;182802;36;13;1;3;4;125;1418;71
2689;2022;80;3;14;50543;7;6;1;2;0;39;414;69
2689;2022;84;3;30;95055;9;15;2;3;1;109;921;59
2689;2024;37;1;36;127592;13;19;3;1;0;114;1155;67
2689;2025;54;1;2;7304;0;1;1;1;0;7;64;68
2689;2026;54;1;50;167633;18;24;4;4;3;159;1666;69
2689;2027;54;1;19;66409;6;11;2;0;0;73;661;62
2689;2027;10;0;3;10800;2;1;0;0;1;8;85;76
2698;2022;72;3;48;167486;20;18;6;1;2;149;1555;67
2698;2021;72;3;42;145539;18;16;6;0;2;142;1284;61
2699;2021;82;3;30;104561;18;10;0;1;2;83;748;60
2699;2022;82;3;10;33886;9;1;0;1;2;18;264;78
2699;2023;82;3;43;156327;38;3;2;1;3;104;1107;67
2699;2024;54;1;11;40408;7;3;1;0;1;28;318;71
2699;2025;125;1;41;138711;21;15;4;2;1;109;1213;71
2699;2025;124;0;12;31901;3;6;0;2;0;43;379;66
2699;2026;125;1;23;77390;14;7;0;3;1;66;830;75
2699;2026;124;0;28;98078;12;15;1;2;1;98;1010;75
2720;2021;74;3;39;134035;21;16;1;4;1;127;1159;63
2720;2022;74;3;51;180205;33;14;3;4;3;147;1477;67
2720;2023;74;3;62;219949;31;28;3;3;3;195;2016;68
2720;2024;54;1;1;3600;1;0;0;0;0;1;26;96
2720;2025;59;1;1;3600;1;0;0;0;1;0;13;84
2746;2021;75;3;46;157108;32;8;4;2;3;114;1158;64
2746;2022;75;3;51;181164;35;14;1;3;1;161;1515;64
2746;2023;75;3;52;182169;14;34;2;2;1;190;1920;68
2746;2024;75;3;60;211689;23;32;4;1;4;192;2292;74
2746;2025;40;1;1;3600;1;0;0;0;0;2;31;80
2746;2025;50;1;3;8721;1;1;0;0;0;7;85;70
2746;2026;40;1;22;71480;9;7;2;1;0;74;679;64
2746;2027;32;1;28;90056;14;9;2;1;1;64;749;68
2756;2021;68;3;59;203088;25;27;5;2;2;200;2040;69
2756;2022;68;3;57;198486;29;19;6;6;5;175;1696;65
2756;2023;68;3;59;208972;42;15;2;3;7;138;1513;68
2756;2024;68;3;59;210191;44;13;2;1;6;168;1566;64
2756;2025;33;1;0;0;0;0;0;0;0;0;0;0
2756;2026;32;1;5;13582;2;1;1;0;0;14;107;56
2756;2027;131;5;55;198783;49;4;2;1;10;81;936;65
2757;2022;67;3;23;74012;10;9;2;0;1;67;660;62
2757;2023;72;3;45;137957;9;29;0;1;0;166;1587;64
2770;2021;70;3;51;172980;27;16;6;3;1;161;1537;65
2770;2022;70;3;55;186852;19;30;2;3;1;188;1909;66
2770;2023;70;3;56;199008;29;25;2;1;1;169;1689;65
2770;2024;70;3;64;227167;35;25;2;0;9;179;1998;70
2770;2025;54;1;1;3600;1;0;0;0;0;2;22;58
2770;2026;32;1;4;12206;1;2;0;0;0;15;108;54
2771;2021;66;3;49;157959;27;12;3;1;1;140;1643;73
2771;2022;66;3;59;198316;27;25;3;4;2;216;1993;63
2771;2023;66;3;24;79047;17;0;4;0;1;54;656;67
2771;2024;66;3;50;174381;30;16;1;0;2;155;1540;67
2771;2025;125;1;0;0;0;0;0;0;0;0;0;0
2771;2026;34;1;5;16892;2;1;1;0;0;18;173;64
2778;2021;69;3;25;79268;14;4;3;0;0;66;646;63
2778;2022;69;3;0;0;0;0;0;0;0;0;0;0
2778;2022;81;3;37;128760;18;14;4;1;3;107;1147;69
2778;2023;81;3;49;158142;12;31;3;4;1;182;1600;60
2795;2021;67;3;22;73398;15;4;1;0;2;56;583;62
2795;2022;67;3;11;37843;3;5;3;0;0;46;358;57
2795;2023;72;3;36;108002;5;22;3;3;0;137;1224;61
2798;2021;71;3;16;51171;7;5;2;1;0;49;428;58
2798;2022;71;3;8;23336;4;2;0;0;0;24;223;61
2798;2023;73;3;7;20970;4;2;0;0;0;18;160;58
2809;2021;77;3;32;100003;11;15;1;4;1;106;1060;66
2809;2022;77;3;17;45666;6;5;1;0;0;61;417;50
2809;2023;77;3;25;86363;18;6;0;2;2;61;632;65
2809;2024;77;3;60;214714;32;22;5;1;3;201;1882;66
2809;2025;47;1;3;9990;1;2;0;0;0;15;101;51
2819;2022;80;3;25;88212;15;5;4;1;2;71;663;61
2819;2023;80;3;23;79269;14;7;2;1;1;63;505;53
2820;2021;67;3;31;105064;15;12;2;2;1;107;908;58
2820;2022;67;3;39;133480;13;23;0;2;1;138;1271;61
2820;2023;67;3;49;155283;9;33;5;3;1;194;1809;62
2821;2023;65;3;2;3881;1;0;0;0;0;2;30;61
2821;2023;76;3;10;34838;6;4;0;1;0;33;295;62
2845;2021;64;3;36;123981;21;7;6;1;1;95;987;67
2845;2022;64;3;44;155593;27;14;2;0;1;140;1274;63
2845;2023;64;3;61;213562;31;24;5;1;0;196;1951;66
2845;2024;64;3;61;204895;22;32;5;5;4;200;2238;72
2845;2025;64;3;65;229623;48;14;2;2;5;168;1853;69
2845;2026;60;1;14;42272;6;5;1;0;1;36;403;66
2845;2026;47;1;4;14654;2;1;1;1;1;14;154;77
2845;2027;36;1;6;21213;2;3;0;0;0;12;180;76
2868;2024;65;3;43;155600;28;10;5;0;3;121;1023;58
2868;2023;65;3;22;76734;12;9;1;2;2;65;624;63
2868;2022;65;3;52;168769;19;29;0;2;0;195;1697;61
2868;2021;65;3;41;136104;11;24;2;3;0;138;1298;63
2889;2021;79;3;32;108442;14;14;1;0;1;109;1017;63
2889;2022;79;3;34;111578;12;17;3;0;1;120;1090;62
2889;2023;79;3;35;111354;13;16;1;0;2;119;1028;59
2889;2024;79;3;44;150580;23;17;1;1;1;128;1318;65
2896;2021;82;3;41;141975;31;7;2;0;8;88;1029;69
2896;2022;82;3;45;160449;34;9;1;0;3;123;1281;69
2896;2023;82;3;25;90532;18;5;2;1;1;81;726;63
2896;2024;82;3;48;156353;16;27;2;4;2;154;1536;65
2896;2025;56;1;24;78012;11;9;1;3;3;70;697;66
2896;2026;50;1;35;123435;17;17;0;4;0;112;1098;67
2896;2027;133;5;51;180800;31;17;3;1;2;148;1370;64
2900;2022;80;3;30;108991;22;5;3;0;0;87;843;61
2900;2023;80;3;46;163219;23;16;5;4;6;132;1202;61
2900;2024;80;3;62;218052;41;15;5;1;3;172;1627;62
2903;2021;71;3;7;21781;3;4;0;0;0;23;169;48
2903;2023;68;3;10;27973;4;2;1;2;0;21;189;56
2910;2021;83;3;3;8593;0;2;0;0;0;8;79;59
2910;2023;83;3;1;3600;0;1;0;0;0;3;53;91
2910;2024;83;3;9;29130;7;1;0;0;0;19;254;72
2910;2024;67;3;26;81675;7;11;3;3;0;84;1019;73
2921;2021;63;3;40;133989;21;10;5;3;1;100;1179;69
2921;2022;63;3;63;224074;37;17;7;4;1;193;1907;65
2921;2023;63;3;57;196204;28;19;7;4;2;172;1656;64
2921;2024;63;3;53;190705;24;24;5;1;0;188;1809;65
2921;2025;63;3;65;220048;23;39;3;4;1;238;2487;69
2921;2027;60;1;42;147918;22;16;3;3;2;132;1350;68
2922;2023;76;3;10;31841;4;5;0;0;1;38;276;53
2925;2024;83;3;16;38799;3;5;2;1;0;53;417;53
2955;2021;97;2;21;68912;8;8;3;1;0;73;605;61
2955;2022;97;2;20;63616;9;6;1;0;0;66;655;64
2957;2022;41;1;37;122828;18;13;2;2;3;87;1009;70
2957;2021;92;2;47;156591;21;21;0;1;0;149;1493;65
2965;2021;84;3;44;147174;13;26;2;4;2;151;1419;66
2965;2022;45;1;54;185783;21;24;7;3;1;159;1597;67
2965;2023;123;1;28;94449;11;12;2;2;3;79;774;65
2965;2024;123;1;43;155525;21;18;3;2;2;121;1419;73
2965;2024;31;0;0;0;0;0;0;0;0;0;0;0
2965;2025;123;1;44;151288;26;15;2;1;3;131;1322;67
2965;2026;123;1;47;164812;22;19;5;2;2;144;1325;63
2965;2027;31;0;28;91756;13;10;3;5;1;83;803;69
2976;2021;100;2;47;164177;35;6;3;2;1;141;1278;63
2976;2022;61;1;28;85837;7;14;2;0;1;98;931;63
2995;2021;87;2;24;74894;10;8;1;0;0;65;643;63
3012;2021;103;2;46;158769;20;20;5;1;1;159;1566;66
3012;2022;103;2;63;214911;33;23;5;3;1;231;2200;65
3013;2022;104;2;11;27808;3;6;0;0;0;45;317;53
3013;2021;104;2;36;110355;5;24;1;1;0;149;1297;62
3019;2021;85;2;57;205935;39;13;4;1;3;160;1693;69
3019;2022;85;2;54;187583;27;23;2;1;0;183;1623;61
3019;2023;43;1;16;55294;7;8;0;1;1;49;509;67
3028;2027;41;1;16;56542;5;11;0;0;0;61;546;64
3028;2021;91;2;21;61590;6;9;3;1;0;68;528;57
3030;2021;89;2;28;90594;10;14;2;1;0;103;826;57
3030;2022;89;2;40;134663;21;13;3;1;2;105;1095;65
3030;2023;53;1;2;7144;1;1;0;0;0;4;58;68
3040;2021;94;2;39;132634;19;15;4;0;0;120;1189;65
3046;2021;94;2;16;56668;8;7;0;0;0;56;496;61
3046;2022;98;2;15;49264;11;2;0;0;3;28;342;66
3048;2021;95;2;32;106864;16;13;2;1;1;105;998;66
3054;2021;104;2;39;125200;12;18;5;2;1;141;1351;64
3055;2021;98;2;53;189924;34;16;3;2;5;154;1508;65
3055;2022;98;2;55;196638;39;14;2;3;6;148;1409;64
3055;2023;54;1;34;123977;17;12;5;2;1;105;999;65
3058;2021;99;2;42;125578;14;12;7;2;1;131;1227;62
3058;2022;99;2;43;143658;21;14;2;2;2;150;1359;65
3066;2021;88;2;40;136891;19;13;5;1;2;122;1182;65
3066;2022;88;2;54;193201;22;26;6;2;3;182;1635;61
3066;2024;59;1;15;53627;6;8;1;1;1;51;464;63
3066;2025;62;1;51;179801;30;20;0;1;3;141;1438;66
3066;2026;62;1;53;192547;37;13;3;2;5;128;1376;66
3066;2027;62;1;43;155833;26;14;3;1;0;120;1245;66
3101;2021;83;3;50;171453;10;31;6;2;2;207;1875;64
3101;2022;83;3;62;220328;16;40;6;4;2;252;2454;67
3101;2023;83;3;59;201073;22;34;2;1;2;222;2146;66
3101;2025;37;1;26;90383;8;14;2;1;1;79;807;68
3101;2026;37;1;58;198090;22;26;7;2;1;181;1955;69
3101;2027;37;1;26;89817;10;13;1;1;2;93;876;64
3109;2023;75;3;19;63766;6;12;0;0;0;72;643;64
3109;2024;75;3;11;31323;1;7;0;1;0;37;306;58
3109;2025;62;1;27;91205;16;9;0;2;2;67;682;65
3109;2026;37;1;22;70461;7;9;3;3;1;69;683;67
3109;2027;129;5;41;136287;10;26;4;1;1;151;1400;66
3179;2021;88;2;32;106415;14;12;4;1;2;123;895;55
3179;2022;88;2;16;53792;9;4;1;0;0;47;446;61
3181;2022;85;2;12;36281;4;6;0;0;0;39;336;57
3181;2021;85;2;14;41658;6;3;3;0;1;40;298;54
3182;2021;93;2;36;126895;17;14;4;4;1;104;1087;66
3182;2022;93;2;34;117613;12;17;4;2;0;123;1057;61
3182;2023;93;2;15;52320;8;3;2;0;0;54;426;55
3188;2021;87;2;50;172455;26;20;3;4;1;187;1660;64
3188;2022;87;2;61;216185;36;21;3;4;7;171;1879;69
3188;2023;87;2;57;192095;22;28;3;3;1;219;2157;68
3188;2024;44;1;1;3263;0;0;0;1;0;3;24;56
3188;2025;33;1;1;3600;1;0;0;0;0;2;26;72
3194;2021;89;2;45;155327;27;13;2;0;2;143;1352;65
3194;2022;89;2;33;112711;18;12;1;2;0;111;962;59
3196;2022;95;2;4;13520;1;3;0;0;0;11;119;66
3196;2022;85;2;8;21089;3;3;0;1;0;20;196;60
3203;2022;86;2;24;64955;5;7;3;1;0;74;669;60
3203;2021;86;2;25;81495;8;13;1;3;0;100;747;52
3204;2022;90;2;42;145460;18;20;3;3;1;149;1252;61
3204;2021;90;2;38;129640;15;18;3;2;1;126;1152;63
3220;2021;91;2;53;185707;25;23;2;6;5;165;1585;64
3220;2022;91;2;54;190037;33;17;3;1;1;179;1554;61
3220;2023;91;2;59;197645;29;26;2;1;2;206;1821;61
3220;2024;91;2;41;142780;15;22;3;2;1;164;1466;63
3220;2025;34;1;52;179489;27;18;3;5;4;137;1529;69
3220;2026;48;1;35;121086;19;15;0;1;2;124;1055;60
3220;2027;130;5;51;183494;30;17;4;2;4;134;1559;70
3240;2021;96;2;43;152632;19;21;2;1;1;145;1312;61
3240;2022;96;2;48;173535;38;7;3;0;2;125;1229;62
3240;2023;96;2;52;178764;31;14;5;0;4;154;1289;58
3240;2024;37;1;10;34562;4;3;3;0;1;29;298;63
3251;2026;123;1;4;14653;1;2;1;1;0;13;102;56
3251;2021;97;2;52;179669;29;15;5;1;1;153;1556;66
3251;2022;97;2;53;183182;26;23;3;0;2;189;1736;63
3251;2023;97;2;53;175776;24;23;3;1;0;204;1634;57
3251;2024;97;2;59;206411;39;14;5;2;2;181;1721;63
3273;2021;101;2;39;121776;18;15;0;2;0;116;1046;61
3273;2022;101;2;22;71869;11;6;2;0;0;71;671;65
3273;2022;93;2;23;74316;10;10;0;3;1;79;645;58
3273;2023;93;2;56;195363;39;11;5;2;2;164;1470;61
3273;2024;93;2;64;225932;44;14;3;2;4;204;1616;57
3273;2025;25;0;10;34308;3;4;2;2;1;37;337;71
3273;2025;38;1;8;23350;2;5;0;0;1;22;213;60
3273;2026;38;1;2;7194;1;1;0;0;0;2;45;80
3273;2027;25;0;28;96143;14;10;2;1;2;93;893;70
3276;2022;86;2;1;2848;0;0;0;0;0;4;36;63
3276;2023;86;2;45;152656;18;21;3;2;0;155;1310;57
3282;2022;90;2;31;99985;8;17;2;0;0;106;905;59
3283;2022;68;3;16;48916;6;6;2;2;0;44;394;57
3283;2023;68;3;3;9540;2;0;0;0;0;8;65;58
3283;2024;68;3;10;33106;6;0;2;0;0;33;234;50
3312;2023;101;2;48;163099;32;12;2;1;2;149;1305;60
3314;2023;89;2;12;33587;3;3;1;0;0;31;284;57
3314;2023;98;2;19;65529;15;1;1;0;1;54;438;57
3318;2021;95;2;42;141121;16;17;4;2;0;145;1385;66
3318;2022;95;2;60;207032;14;36;7;3;1;245;2088;61
3318;2023;95;2;65;226961;27;33;5;1;0;263;2107;61
3318;2024;95;2;66;223340;19;39;6;4;1;280;2481;63
3318;2025;44;1;37;126168;20;15;1;1;2;109;1040;64
3318;2026;44;1;26;83102;11;12;2;1;1;89;774;61
3318;2027;148;5;58;205985;40;15;2;2;9;129;1386;67
3319;2023;99;2;57;192443;27;26;2;6;0;219;1915;62
3319;2024;57;1;15;54153;7;8;0;0;2;40;428;68
3319;2025;55;1;38;131944;17;17;2;4;1;107;1151;69
3319;2026;55;1;23;82168;15;6;2;3;3;55;622;68
3319;2027;55;1;16;57738;9;5;1;0;0;49;507;67
3322;2023;86;2;19;60027;9;7;1;0;1;58;476;56
3322;2023;101;2;19;62340;10;7;0;0;0;63;511;57
3322;2022;101;2;11;34562;6;5;0;0;1;35;274;57
3323;2023;102;2;39;137618;17;15;4;2;2;151;1186;57
3323;2022;102;2;20;55868;5;10;0;1;0;66;599;61
3323;2021;102;2;18;50033;6;8;1;2;0;67;523;57
3325;2023;97;2;25;70537;8;8;2;0;0;88;642;51
3327;2021;103;2;28;88333;11;11;1;1;1;93;810;63
3327;2022;103;2;10;24088;4;1;0;0;0;32;239;50
3340;2022;104;2;21;69678;4;13;1;1;1;82;721;61
3340;2023;104;2;29;80193;8;11;1;2;0;98;898;60
3340;2024;104;2;37;106090;11;14;3;1;1;135;1024;53
3343;2021;104;2;3;11090;1;1;1;0;0;12;125;69
3343;2022;104;2;48;148951;15;23;3;3;2;170;1560;65
3343;2023;104;2;49;162340;14;29;4;3;0;201;1851;65
3343;2024;104;2;43;141307;23;15;2;3;3;130;1199;62
3391;2027;60;1;22;76997;15;4;2;0;0;52;622;72
3391;2023;98;2;46;162122;35;10;1;1;5;131;1201;63
3391;2024;98;2;62;208338;23;32;5;2;0;229;1939;61
3391;2025;98;2;63;221464;30;27;5;1;2;246;2033;61
3391;2026;45;1;2;4006;1;0;0;0;0;7;50;50
3395;2021;93;2;35;120985;17;11;5;3;1;93;1014;68
3395;2022;93;2;4;13479;3;1;0;0;1;11;106;65
3395;2023;89;2;59;200311;28;26;4;2;1;215;1795;60
3395;2024;89;2;66;220329;26;31;5;1;0;244;2212;64
3395;2025;89;2;63;210491;31;29;2;1;0;220;2056;64
3395;2027;37;1;41;139185;19;15;5;3;0;127;1338;70
3433;2023;83;3;18;40968;5;4;0;1;0;47;533;66
3433;2022;83;3;12;27593;1;5;0;2;0;31;337;64
3433;2021;83;3;23;66466;4;13;2;2;0;88;797;62
3435;2023;87;2;22;53246;3;12;0;2;0;87;571;48
3435;2022;87;2;12;29911;0;6;2;1;0;40;269;46
3436;2023;92;2;30;87318;7;16;2;3;0;127;1057;58
3436;2022;92;2;49;155501;17;26;2;1;0;197;1622;58
3436;2021;92;2;27;90249;11;11;4;0;0;104;912;63
3437;2023;91;2;16;44152;5;4;1;0;0;52;412;55
3437;2022;91;2;15;49327;9;4;0;0;1;36;378;65
3451;2024;87;2;52;170135;22;21;4;2;1;186;1663;62
3451;2023;87;2;1;1016;0;0;0;0;0;1;10;51
3462;2021;122;4;53;186289;27;20;4;1;2;139;1527;67
3462;2022;122;4;61;211614;36;19;5;0;3;185;1680;62
3462;2023;122;4;59;209650;35;23;1;2;2;190;1995;69
3462;2024;33;1;13;46464;7;5;1;1;0;36;424;73
3462;2025;29;0;31;108038;15;9;5;5;1;98;1053;75
3462;2026;29;0;58;201654;32;19;3;5;2;169;1793;74
3462;2027;29;0;54;192171;33;16;4;2;0;178;1727;71
3472;2021;120;4;36;128638;15;13;7;0;0;130;1158;63
3472;2022;120;4;54;185018;20;27;4;4;3;174;1783;68
3476;2022;113;4;23;74127;12;6;2;1;1;68;613;61
3498;2021;119;4;37;114387;19;8;3;2;2;106;1005;63
3508;2021;114;4;45;160424;28;12;3;5;1;120;1306;69
3508;2022;33;1;27;87824;16;7;0;2;1;66;772;70
3508;2023;41;1;2;7183;0;2;0;1;0;8;76;71
3508;2023;50;1;9;29744;5;3;0;1;1;26;257;67
3513;2021;116;4;46;158478;25;18;2;3;3;127;1338;67
3513;2022;53;1;41;146410;17;19;4;4;1;121;1224;67
3513;2024;123;1;18;61899;7;10;1;0;1;72;557;57
3513;2024;57;1;13;44366;7;4;2;1;0;35;364;67
3513;2026;59;1;4;13344;2;1;0;0;0;12;137;71
3513;2026;1;0;37;131633;12;16;7;4;2;117;1244;75
3513;2027;1;0;48;155867;25;18;1;7;3;131;1487;75
3522;2021;120;4;37;119442;15;13;5;1;0;112;1015;61
3528;2021;113;4;28;91674;12;13;1;0;2;85;793;62
3531;2021;112;4;31;108462;8;15;6;3;1;94;964;67
3540;2021;111;4;3;11017;0;2;1;1;0;9;83;63
3540;2021;110;4;33;108544;12;15;3;2;0;114;961;59
3540;2022;110;4;34;115495;10;19;3;0;1;122;1099;62
3540;2024;123;1;0;0;0;0;0;0;0;0;0;0
3552;2021;116;4;26;88409;14;6;3;2;2;64;702;67
3564;2021;111;4;29;98515;12;13;2;3;1;72;804;68
3575;2021;121;4;33;115310;13;12;6;1;0;102;938;62
3605;2021;107;4;30;100202;14;11;3;0;1;89;843;62
3613;2021;105;4;36;129750;25;8;3;0;2;102;896;62
3647;2021;109;4;38;135682;19;15;4;1;3;112;1023;63
3647;2022;109;4;36;126290;21;10;3;0;2;110;1102;65
3647;2023;109;4;31;101295;13;15;0;1;0;92;784;58
3650;2021;105;4;33;117840;22;8;2;0;1;94;877;61
3650;2022;105;4;8;24957;4;3;0;0;1;21;184;59
3650;2022;112;4;9;32691;5;3;1;0;1;27;270;66
3650;2023;112;4;36;112152;17;14;3;0;1;115;1066;62
3656;2021;108;4;39;135856;17;19;2;2;1;115;1126;65
3656;2022;108;4;44;153987;18;19;6;3;0;154;1482;66
3656;2023;108;4;38;120197;7;27;0;0;1;156;1532;68
3656;2024;37;1;15;52669;6;8;0;1;1;41;478;71
3676;2021;108;4;32;110343;11;15;4;5;1;108;900;59
3676;2022;108;4;28;94161;12;12;1;2;1;88;904;67
3676;2023;108;4;39;124216;7;26;1;3;0;156;1427;65
3676;2024;108;4;46;154995;16;25;3;0;1;153;1491;65
3676;2025;57;1;1;3900;0;0;1;0;0;2;16;56
3679;2021;114;4;25;86080;12;12;1;2;3;77;714;63
3679;2022;114;4;51;181470;15;30;6;4;1;184;1718;63
3679;2023;114;4;57;182171;9;41;3;4;1;241;1985;59
3679;2025;37;1;1;3594;0;1;0;0;0;4;32;58
3684;2022;122;4;0;0;0;0;0;0;0;0;0;0
3684;2022;115;4;6;20465;4;1;0;0;0;18;179;66
3684;2021;115;4;7;18865;2;1;1;0;0;14;138;59
3686;2021;106;4;28;87161;5;16;4;2;0;99;793;55
3686;2022;106;4;16;45844;0;11;1;0;0;61;529;60
3689;2022;121;4;51;172266;23;22;4;2;1;175;1584;62
3689;2023;121;4;51;167746;13;30;4;4;1;202;1781;63
3689;2025;34;1;0;0;0;0;0;0;0;0;0;0
3690;2022;118;4;53;187415;34;14;3;1;2;154;1618;70
3690;2021;118;4;49;175464;28;14;6;1;7;127;1351;67
3715;2021;110;4;5;18529;3;2;0;1;0;12;161;77
3715;2021;111;4;39;137351;15;20;3;3;1;110;1178;67
3715;2022;111;4;60;207600;33;21;3;3;5;177;1749;65
3715;2023;111;4;62;209659;23;36;0;3;3;240;2146;64
3719;2022;113;4;49;173059;23;21;4;1;2;161;1420;61
3719;2021;113;4;45;155859;19;18;5;1;1;132;1276;63
3729;2021;121;4;38;132498;18;17;2;1;0;120;1130;64
3741;2022;120;4;9;22353;1;5;0;0;0;31;206;48
3741;2021;105;4;0;0;0;0;0;0;0;0;0;0
3748;2021;112;4;39;139736;20;15;4;2;1;126;1218;65
3748;2022;112;4;46;157474;25;13;4;1;1;142;1430;66
3748;2023;112;4;40;134501;12;19;3;1;1;141;1197;60
3756;2021;119;4;42;133566;15;17;6;2;0;138;1248;60
3756;2022;119;4;60;212565;26;31;3;3;2;209;1939;63
3756;2023;119;4;54;180236;27;23;1;5;1;180;1470;57
3756;2024;12;0;6;19141;0;3;3;1;0;25;194;63
3756;2024;119;4;30;103780;17;11;1;0;1;95;887;65
3756;2025;57;1;12;43433;6;4;1;1;3;25;303;67
3756;2025;12;0;41;135894;22;12;2;4;2;138;1235;66
3756;2026;57;1;52;177436;28;16;4;1;4;138;1455;67
3756;2027;57;1;15;54231;8;6;1;0;1;39;437;70
3756;2027;12;0;15;49714;9;3;1;1;0;43;398;67
3760;2021;117;4;25;78652;7;12;1;1;0;76;723;62
3760;2022;117;4;17;48723;12;2;0;0;0;36;411;62
3760;2023;117;4;33;108069;20;9;2;0;2;103;925;61
3776;2021;106;4;44;151167;20;17;4;3;1;135;1421;68
3776;2022;106;4;60;200952;24;26;6;2;2;204;2191;72
3776;2023;106;4;64;225792;36;25;3;3;6;197;1936;66
3776;2024;106;4;34;115136;17;15;2;0;0;115;1136;66
3776;2024;41;1;15;51175;10;5;0;0;2;40;462;75
3776;2025;41;1;60;202882;17;34;5;3;1;190;2069;70
3776;2026;45;1;34;113418;10;17;2;1;1;113;1043;64
3792;2021;117;4;48;163817;27;18;2;3;1;162;1498;63
3792;2022;117;4;58;197946;32;19;3;1;3;179;1683;63
3792;2023;117;4;41;138906;23;10;4;1;3;109;1130;68
3792;2024;117;4;45;142054;19;23;0;3;1;164;1516;63
3792;2026;33;1;3;10774;2;1;0;0;0;9;104;69
3802;2021;109;4;33;112671;20;9;1;3;1;76;920;71
3802;2022;109;4;35;121312;22;11;1;1;2;100;981;65
3802;2023;109;4;41;144636;23;14;3;1;2;117;1134;64
3816;2022;118;4;15;51567;9;6;0;1;3;42;427;68
3816;2021;118;4;21;72267;14;5;1;1;0;65;559;59
3838;2021;122;4;18;60202;7;10;0;1;0;55;501;61
3838;2022;122;4;13;36707;5;2;1;0;0;39;318;57
3838;2023;122;4;13;36319;5;4;0;1;0;29;294;61
3853;2024;114;4;58;197271;20;31;6;0;1;231;1824;56
3866;2024;121;4;16;52699;6;6;1;2;0;56;500;60
3894;2021;115;4;8;28663;4;4;0;0;0;23;206;58
3894;2022;116;4;29;96312;12;13;1;0;1;99;835;56
3894;2023;116;4;20;65862;11;4;1;0;1;52;501;61
3894;2024;116;4;23;67028;8;9;1;1;1;80;600;53
3894;2027;147;5;42;146188;21;19;1;4;1;121;1113;61
3896;2022;112;4;17;54544;7;6;3;1;1;51;459;59
3896;2023;112;4;0;0;0;0;0;0;0;0;0;0
3896;2024;112;4;23;81475;11;7;2;2;1;75;625;57
3897;2024;117;4;31;87748;8;16;0;1;0;118;1099;65
3898;2022;107;4;30;96990;15;10;3;0;1;100;734;50
3898;2023;119;4;17;43059;6;5;0;1;0;48;434;59
3898;2024;119;4;33;110841;16;13;2;0;3;96;893;62
3904;2023;113;4;27;83520;10;15;1;0;0;95;898;63
3904;2024;122;4;28;101498;15;10;3;1;0;96;885;62
3904;2027;140;5;21;74038;11;7;2;0;3;62;694;73
3912;2022;110;4;39;131953;14;17;5;2;1;125;1264;65
3912;2021;110;4;39;120814;9;21;3;2;2;133;1161;59
4719;2021;76;3;38;121327;17;12;4;2;1;113;1017;60
4719;2022;76;3;32;100638;11;14;1;0;1;111;803;51
4719;2023;76;3;51;169508;22;16;8;2;0;151;1427;61
4719;2024;76;3;56;193287;23;28;3;4;6;180;1757;65
4719;2025;76;3;65;229554;29;32;3;5;3;218;2188;65
4720;2023;71;3;19;66061;12;6;1;2;3;56;585;67
4720;2024;71;3;62;218717;40;19;3;1;6;178;1630;61
4721;2023;110;4;40;133818;27;7;3;1;6;99;997;65
4721;2024;110;4;46;159709;22;16;5;2;4;142;1361;64
4749;2023;100;2;32;99926;15;12;2;1;1;110;898;57
4749;2024;89;2;12;26136;0;6;0;1;0;51;334;47
4751;2023;100;2;27;80650;13;7;1;1;0;97;736;52
4778;2024;96;2;53;182731;32;15;5;1;3;168;1501;61
4778;2021;96;2;28;94525;12;10;4;1;1;106;724;50
4778;2022;96;2;20;72431;11;8;1;1;0;65;523;54
4778;2023;96;2;22;68278;10;6;2;1;0;60;502;54
4781;2022;81;3;33;114185;11;17;3;3;1;112;1062;64
4781;2021;81;3;10;27141;4;2;1;0;0;24;198;55
4808;2021;106;4;3;8102;1;1;0;1;0;12;92;50
4808;2023;115;4;35;106203;14;12;2;1;0;82;923;66
4808;2024;115;4;56;186809;23;25;6;1;1;190;1708;61
4809;2022;84;3;6;19851;2;3;0;0;0;19;196;62
4809;2023;84;3;39;134335;25;11;1;1;5;89;889;63
4809;2024;84;3;41;143471;36;3;1;1;3;81;852;63
4811;2024;111;4;52;177943;16;30;3;0;0;229;1858;56
4811;2022;111;4;13;38758;5;6;0;1;0;38;365;60
4811;2023;111;4;16;35133;4;5;0;0;0;43;354;54
4838;2022;103;2;3;6313;1;0;0;1;0;7;67;56
4838;2021;85;2;0;0;0;0;0;0;0;0;0;0
4868;2024;96;2;21;63980;7;7;2;0;0;72;576;56
4868;2021;94;2;17;58008;12;3;0;1;0;56;495;59
4870;2023;98;2;6;19241;3;2;0;1;0;23;133;47
4870;2022;91;2;2;7200;1;1;0;0;0;7;60;65
4898;2021;88;2;1;3838;1;0;0;0;0;4;43;74
4928;2023;114;4;26;64198;4;9;2;2;0;81;775;61
4928;2022;114;4;19;61068;6;10;0;0;0;65;593;61
4928;2021;114;4;0;0;0;0;0;0;0;0;0;0
4929;2024;118;4;12;37562;8;1;1;1;0;29;262;59
4929;2023;113;4;21;66082;8;9;0;3;0;72;614;58
4959;2023;101;2;7;19837;4;1;0;0;0;17;147;54
4959;2024;101;2;37;130173;25;8;3;2;2;134;1044;54
4959;2024;94;2;14;48601;11;1;1;0;2;36;329;61
4960;2022;115;4;8;24619;2;3;2;1;0;24;244;63
4960;2023;115;4;0;0;0;0;0;0;0;0;0;0
4960;2023;107;4;14;46426;9;3;1;0;0;38;362;59
4960;2024;110;4;22;65183;11;6;2;1;1;59;530;61
4961;2024;100;2;41;141195;20;13;4;3;0;135;1199;60
4988;2023;89;2;4;12762;2;1;0;0;0;10;115;64
4988;2023;103;2;12;36947;1;10;0;1;0;54;388;52
4988;2024;103;2;56;195296;29;27;0;2;2;192;1746;60
4989;2022;93;2;12;40477;5;3;3;0;0;49;411;58
4991;2024;121;4;44;147956;23;16;2;0;2;138;1394;65
4991;2024;105;4;3;10800;3;0;0;0;0;9;79;60
4991;2023;105;4;9;25932;2;3;1;0;0;29;222;54
5018;2023;102;2;8;18245;2;2;0;0;0;21;149;51
5019;2022;120;4;12;38779;4;5;2;1;0;43;395;62
5020;2023;69;3;8;27546;5;3;0;1;1;24;202;55
5049;2024;88;2;30;89407;12;10;0;0;0;102;836;57
5049;2023;88;2;23;65764;4;9;5;1;0;85;675;53
5078;2023;76;3;3;10739;2;1;0;0;0;8;80;65
5079;2024;64;3;13;31782;0;5;1;0;0;42;437;64
5079;2024;79;3;22;74610;9;13;0;3;3;82;724;61
5079;2023;79;3;42;133938;18;18;2;1;4;123;1183;63
5079;2022;79;3;39;134237;14;19;3;3;0;142;1250;59
5079;2021;79;3;31;102653;17;12;0;2;1;90;929;67
5080;2023;104;2;1;3900;1;0;0;0;0;5;28;48
5080;2022;95;2;12;26123;3;4;0;0;0;31;244;52
5081;2024;86;2;55;188197;30;16;7;2;0;186;1572;58
5108;2021;90;2;34;117620;13;13;6;1;1;106;1031;63
5108;2023;90;2;2;4012;0;1;0;0;0;6;46;53
5108;2023;103;2;56;189763;24;28;2;5;2;212;1766;59
5110;2023;120;4;55;152863;8;36;1;1;1;242;2074;59
5138;2021;102;2;7;25465;3;3;1;1;0;21;258;73
5138;2022;102;2;2;5834;1;0;0;0;0;10;39;25
5140;2024;100;2;33;105449;16;15;0;3;1;113;956;58
5168;2022;118;4;4;7668;1;1;0;0;0;10;69;48
5168;2023;118;4;40;133747;24;13;0;1;4;120;1048;60
5198;2021;100;2;25;82650;18;6;0;1;2;68;644;62
5198;2022;100;2;30;102412;16;14;0;1;0;116;849;53
5198;2023;85;2;56;191410;27;22;5;4;0;196;1718;60
5198;2024;85;2;58;186166;24;27;3;3;0;216;1888;61
5200;2023;110;4;14;49738;10;4;0;0;0;37;388;67
5201;2023;88;2;3;9493;1;2;0;0;0;16;98;40
5201;2024;92;2;15;50138;7;5;2;1;0;53;444;57
5228;2023;84;3;32;112038;21;8;2;0;3;88;746;58
5228;2024;84;3;29;102554;21;7;0;0;3;70;595;59
5229;2023;118;4;18;54157;9;6;0;1;2;49;433;58
5232;2023;102;2;29;90958;16;10;2;1;1;90;789;60
5258;2021;117;4;1;3886;1;0;0;0;0;2;41;88
5259;2023;63;3;16;47524;7;5;1;0;1;49;393;55
5259;2021;73;3;27;80857;6;13;1;0;0;89;802;60
5260;2022;100;2;20;72811;12;4;4;0;0;65;563;58
5260;2023;100;2;16;52382;11;2;1;0;2;56;399;54
5260;2023;94;2;4;8628;1;1;1;0;0;10;76;52
5260;2024;94;2;45;159308;33;7;3;0;1;130;1119;58
5261;2023;115;4;11;39126;6;5;0;0;0;34;353;65
5261;2023;110;4;18;62630;10;6;1;0;0;57;487;56
5288;2022;114;4;2;4709;0;1;0;0;0;8;45;39
5318;2022;107;4;43;141062;17;13;8;1;1;137;1117;55
5318;2023;107;4;54;192140;41;7;5;1;2;140;1321;61
5321;2023;78;3;46;148257;9;32;1;7;3;181;1586;61
5351;2024;98;2;2;3760;1;0;0;0;0;1;53;82
5367;2027;127;5;21;75695;14;7;0;3;1;53;573;68
5385;2023;90;2;44;141855;17;18;2;2;0;168;1411;56
5385;2024;90;2;46;149107;13;24;3;3;1;175;1546;59
5385;2025;90;2;50;170888;28;19;1;2;3;162;1274;54
5385;2027;129;5;28;88885;6;12;4;2;1;89;992;69
5398;2024;102;2;66;236259;41;18;5;1;5;211;1892;63
5398;2027;143;5;48;167904;27;20;1;2;5;145;1384;64
5405;2022;94;2;20;63714;8;8;2;2;0;65;550;59
5405;2023;94;2;3;7695;1;1;0;0;0;8;82;58
5405;2024;94;2;12;39475;6;5;1;1;0;33;274;57
5405;2025;94;2;65;218202;28;28;7;1;3;208;2100;66
5405;2027;145;5;34;115236;22;11;0;2;2;97;870;60
5409;2027;136;5;47;153634;8;30;6;2;2;171;1615;64
5423;2023;86;2;10;33562;4;5;0;1;1;31;223;52
5423;2024;107;4;21;70978;15;2;2;0;2;55;594;67
5423;2025;107;4;17;36559;1;7;1;0;0;60;510;56
5423;2027;144;5;34;123189;22;10;2;2;5;73;727;63
5426;2027;149;5;33;107730;9;20;0;1;0;122;1141;64
5428;2025;97;2;36;127327;25;7;2;0;1;122;954;55
5430;2023;99;2;20;52926;4;9;0;3;0;59;534;56
5430;2024;99;2;46;153770;16;22;5;2;0;179;1641;62
5430;2025;99;2;42;142022;20;19;2;0;1;144;1354;63
5430;2026;99;2;62;218612;26;32;2;3;2;229;1977;61
5430;2027;144;5;25;90339;19;5;1;0;7;54;541;65
5430;2027;8;0;7;17356;1;3;1;1;0;19;146;57
5434;2022;100;2;21;71485;11;5;2;1;0;65;594;59
5434;2023;100;2;6;13309;3;1;0;0;0;12;112;53
5434;2023;90;2;33;97286;11;16;2;0;0;135;898;46
5434;2024;90;2;33;96875;10;16;2;0;0;117;932;54
5434;2025;90;2;12;41723;7;5;0;1;0;44;309;51
5434;2025;99;2;14;46984;7;5;0;0;0;39;434;66
5434;2027;134;5;45;155147;24;18;2;1;0;153;1377;63
5451;2022;92;2;30;89608;11;12;0;2;2;105;907;56
5451;2023;95;2;5;10020;0;1;0;0;0;11;116;59
5451;2024;65;3;27;91769;15;8;2;1;1;85;679;55
5451;2025;65;3;55;193404;40;12;2;0;4;145;1268;60
5451;2027;151;5;38;118703;9;21;2;3;0;121;1168;63
5454;2022;103;2;1;2516;0;1;0;0;0;8;38;11
5454;2023;85;2;18;55793;7;6;1;1;0;67;534;54
5454;2024;85;2;22;60005;3;11;0;0;0;94;671;48
5454;2025;85;2;65;217451;27;38;0;1;1;251;1983;53
5454;2027;141;5;51;168438;11;34;3;4;0;209;1969;66
5455;2027;140;5;43;155398;17;22;4;0;0;134;1492;69
5462;2027;141;5;24;62734;1;14;1;0;0;87;831;64
5481;2025;103;2;42;138185;16;17;6;1;1;155;1396;61
5481;2027;128;5;35;110782;10;16;3;1;1;112;1197;67
5483;2024;98;2;15;34733;6;1;0;0;0;37;338;59
5483;2027;151;5;31;101686;12;16;1;0;2;105;945;63
5497;2027;135;5;14;48272;7;5;1;1;3;40;350;61
5497;2025;89;2;17;35294;3;3;0;1;0;42;342;53
5522;2022;81;3;1;3900;0;0;1;0;0;2;41;79
5522;2023;81;3;31;86839;4;17;1;3;0;114;1017;59
5522;2024;81;3;66;222573;17;45;3;0;3;253;2347;63
5522;2025;81;3;44;155394;22;18;4;1;4;124;1172;62
5522;2025;66;3;20;72526;3;14;3;0;0;69;854;73
5536;2023;67;3;34;91683;8;13;0;2;0;111;1039;60
5536;2024;67;3;45;131233;4;33;2;1;0;192;1723;62
5536;2025;67;3;57;195616;34;20;2;2;4;174;1465;59
5536;2027;131;5;8;28800;8;0;0;0;1;13;116;61
5539;2022;64;3;26;91241;19;6;0;0;1;77;691;60
5539;2023;64;3;12;33002;2;5;1;0;0;38;284;53
5539;2024;64;3;3;10779;0;2;1;0;0;11;145;83
5539;2025;64;3;6;16198;2;2;0;0;0;15;145;61
5539;2027;142;5;3;10706;1;2;0;0;0;8;63;54
5541;2024;73;3;48;160618;26;16;3;3;3;141;1287;59
5541;2027;133;5;15;43977;7;4;0;1;0;38;331;57
5542;2027;147;5;20;66872;8;9;1;2;0;59;574;62
5542;2024;66;3;3;7934;2;0;0;0;1;6;51;58
5542;2025;66;3;35;106366;13;14;2;3;1;110;986;61
5550;2022;69;3;9;19904;1;0;2;0;0;20;167;55
5550;2023;69;3;54;183634;19;27;5;3;1;179;1714;63
5556;2023;70;3;5;17927;2;3;0;2;0;18;160;62
5556;2024;70;3;7;18559;3;3;0;0;0;20;133;48
5556;2025;70;3;55;177021;18;29;4;7;0;209;1779;57
5556;2027;137;5;39;132177;12;20;3;0;1;114;1295;69
5576;2027;138;5;25;86411;11;12;0;2;0;86;819;65
5576;2023;74;3;6;18148;1;3;0;2;0;21;187;56
5576;2023;78;3;17;56432;7;8;0;0;1;52;547;66
5576;2024;78;3;40;138496;16;19;3;1;2;136;1207;60
5576;2025;78;3;48;169759;31;12;4;1;2;156;1472;65
5597;2024;79;3;6;21317;4;0;1;0;1;15;189;75
5602;2027;144;5;4;14358;2;2;0;0;1;9;110;75
5602;2025;63;3;10;22931;1;2;0;0;0;32;259;56
5602;2024;63;3;15;49206;3;8;2;0;2;51;443;60
5602;2023;63;3;1;3600;1;0;0;0;0;1;27;81
5602;2022;63;3;9;22903;7;0;0;0;0;17;186;60
5621;2027;139;5;31;102441;15;14;1;2;1;104;985;63
5621;2022;78;3;26;70901;3;16;0;0;1;100;816;53
5621;2023;78;3;14;40491;4;7;0;1;0;44;410;59
5621;2024;78;3;30;96936;18;7;2;2;2;77;779;65
5621;2025;78;3;23;77983;16;4;1;1;2;53;672;72
5631;2024;67;3;15;33705;2;6;0;1;0;49;412;56
5631;2025;67;3;17;50649;6;4;2;0;0;45;439;59
5631;2027;138;5;42;141130;14;24;2;4;2;133;1223;61
5642;2024;83;3;52;177318;19;30;1;4;2;187;1836;64
5666;2024;76;3;17;52258;6;8;0;0;1;57;532;61
5666;2027;142;5;7;25163;6;1;0;0;1;10;116;62
5668;2027;33;1;22;70281;11;7;1;0;3;62;672;66
5673;2024;68;3;1;3600;1;0;0;0;0;3;26;60
5673;2025;68;3;22;79680;18;3;1;1;4;46;452;60
5673;2025;77;3;31;100803;15;12;1;2;1;109;1052;68
5673;2027;145;5;31;108597;14;14;1;0;2;106;943;63
5693;2027;130;5;11;37638;7;2;1;0;0;25;251;63
5693;2022;119;4;11;33543;6;2;0;1;0;30;349;67
5693;2023;119;4;7;21354;2;3;1;1;1;18;224;72
5693;2024;119;4;10;30401;3;4;1;0;0;26;236;59
5696;2022;121;4;25;74280;9;8;2;1;1;83;693;55
5696;2023;121;4;27;78288;4;13;4;0;1;90;833;59
5696;2024;110;4;6;21515;5;1;0;0;0;19;207;62
5696;2025;117;4;45;139872;16;21;1;0;1;156;1240;52
5701;2024;109;4;65;229268;23;37;4;3;1;253;2323;62
5701;2025;109;4;66;224371;34;27;3;3;5;227;2147;65
5701;2027;132;5;26;77702;15;5;2;0;1;57;568;60
5711;2026;117;4;64;218153;23;34;5;4;1;250;2317;63
5711;2027;142;5;53;192143;46;5;2;1;9;90;962;63
5721;2022;105;4;6;20505;4;1;0;0;0;9;174;78
5721;2023;105;4;1;3600;0;1;0;0;0;5;43;65
5721;2024;113;4;36;117786;16;15;1;2;1;122;1111;61
5721;2025;113;4;18;65100;17;1;0;0;1;43;411;60
5723;2023;113;4;33;95820;12;13;0;2;0;124;959;56
5723;2024;113;4;39;127728;13;23;0;3;0;160;1239;57
5723;2025;113;4;50;180148;45;5;0;2;12;89;1053;68
5723;2027;137;5;31;99122;16;13;0;2;2;90;866;63
5732;2023;107;4;3;8657;2;0;0;0;0;6;70;69
5732;2027;146;5;45;138673;6;28;5;1;0;177;1808;68
5739;2027;149;5;39;120211;8;24;2;5;0;139;1261;61
5740;2026;47;1;10;33845;4;4;1;0;1;27;321;69
5740;2027;47;1;21;60606;9;8;2;1;1;59;618;63
5749;2022;112;4;1;3600;1;0;0;0;0;5;44;56
5749;2024;112;4;48;165873;32;13;3;2;2;139;1354;65
5749;2025;112;4;65;230460;40;20;4;0;6;203;1829;62
5749;2026;112;4;58;202758;24;27;4;7;3;203;2038;68
5810;2024;122;4;26;91656;12;11;3;0;0;88;801;63
5810;2025;110;4;61;209226;28;27;4;2;1;212;2001;65
5810;2026;110;4;62;210199;22;33;5;1;2;213;2206;69
5810;2027;126;5;28;90371;13;12;0;3;1;64;666;64
5820;2022;107;4;3;9639;2;0;0;0;1;8;57;58
5820;2023;120;4;43;92300;3;20;0;1;0;159;1311;54
5820;2024;120;4;66;235893;41;19;6;2;6;171;1794;66
5820;2025;120;4;53;187771;45;7;1;1;5;127;1165;62
5820;2026;56;1;41;139708;22;14;1;1;1;138;1265;63
5820;2027;56;1;40;139788;23;15;1;1;3;115;1090;64
5821;2027;139;5;39;133884;10;22;3;1;0;136;1330;66
5872;2022;105;4;57;200576;36;18;2;1;4;147;1646;70
5872;2023;105;4;61;216534;47;12;2;0;4;161;1588;65
5872;2024;105;4;60;210008;34;23;2;3;0;207;1740;60
5872;2025;17;0;64;223271;36;23;4;6;5;211;2184;75
5872;2026;43;1;31;102468;14;12;1;0;1;91;991;71
5872;2026;17;0;23;72391;12;8;1;2;1;72;610;64
5872;2027;17;0;49;161722;23;21;1;9;0;151;1546;72
5889;2022;73;3;31;91856;8;11;1;0;0;93;1040;70
5889;2023;73;3;63;222134;43;12;6;2;6;151;1773;71
5889;2024;12;0;56;196003;18;29;7;3;4;172;1957;78
5889;2025;57;1;7;23910;4;1;1;1;0;21;175;60
5889;2025;12;0;36;117475;13;19;3;2;0;128;1095;65
5889;2026;12;0;57;197830;38;17;2;6;4;162;1698;73
5889;2027;12;0;8;26256;4;3;1;0;0;29;225;61
5889;2027;57;1;28;98426;18;8;1;1;2;62;801;71
5919;2022;116;4;44;149090;21;19;2;4;1;129;1244;64
5919;2023;116;4;54;179623;40;12;0;1;4;130;1147;60
5919;2024;116;4;55;179284;20;25;5;1;0;197;1557;57
5919;2026;43;1;3;11035;1;1;1;0;0;9;96;68
5923;2026;40;1;16;57051;8;6;1;0;0;49;563;71
5923;2026;20;0;2;7350;2;0;0;0;0;7;48;56
5923;2027;40;1;28;86659;9;13;0;2;1;82;854;68
5931;2024;99;2;27;83734;7;16;1;0;0;100;980;64
5931;2025;33;1;52;174688;26;18;4;1;2;132;1406;67
5931;2026;32;1;34;114386;12;19;1;3;2;112;1014;62
5931;2027;147;5;4;14318;4;0;0;0;0;8;113;78
5934;2026;9;0;21;71863;10;8;3;2;0;67;658;72
5934;2027;9;0;33;112398;17;10;5;3;1;96;951;71
5935;2022;94;2;52;182928;32;15;3;2;2;157;1537;67
5935;2023;94;2;65;229710;45;16;2;2;5;205;1853;66
5935;2024;33;1;11;39790;5;5;1;0;0;32;316;66
5935;2024;41;1;7;25555;3;1;2;1;0;15;205;75
5935;2025;2;0;35;110538;10;17;3;5;0;115;978;64
5935;2026;2;0;16;41822;7;3;0;2;0;32;351;65
5935;2027;2;0;36;128848;24;10;2;2;3;88;1033;75
5944;2022;82;3;15;51623;11;2;1;0;2;37;378;67
5944;2024;82;3;21;69097;7;8;3;0;1;59;666;69
5944;2025;40;1;49;174726;27;18;4;2;5;144;1451;67
5944;2026;23;0;30;98236;14;11;3;2;2;85;861;70
5944;2027;23;0;7;24303;4;3;0;2;0;23;188;63
5944;2027;32;1;30;101372;13;14;1;2;3;95;909;64
5948;2022;58;1;48;168536;25;19;3;3;0;147;1554;69
5948;2023;58;1;47;156665;16;23;5;3;4;146;1397;67
5948;2024;58;1;44;154540;25;18;1;3;3;130;1272;67
5948;2025;58;1;53;187049;30;18;3;4;5;131;1517;70
5948;2026;58;1;62;211472;31;26;3;5;2;189;2107;72
5948;2027;58;1;19;64135;13;3;2;1;1;56;544;66
5949;2024;34;1;14;45701;6;6;0;0;0;36;388;62
5949;2025;40;1;15;45529;7;3;2;2;0;30;370;66
5949;2026;43;1;7;18906;1;5;0;1;0;32;211;47
5949;2027;43;1;22;73780;11;7;2;1;2;64;642;64
5950;2024;38;1;33;114416;19;8;5;0;2;83;875;67
5950;2025;38;1;62;220562;36;21;3;2;7;156;1970;75
5950;2026;25;0;21;73151;10;10;0;8;0;71;607;65
5950;2026;38;1;2;7126;1;1;0;0;0;6;53;60
5950;2027;152;0;41;135982;8;22;5;7;1;154;1425;71
5970;2023;103;2;1;2381;1;0;0;0;0;1;23;83
5970;2023;90;2;1;3600;0;1;0;0;0;6;38;44
5970;2025;103;2;34;107597;15;14;0;1;1;115;1057;62
5970;2026;103;2;46;153055;34;7;0;2;4;122;963;57
5970;2027;150;5;35;119597;15;15;4;2;4;95;991;66
5974;2024;92;2;0;0;0;0;0;0;0;0;0;0
5974;2025;92;2;5;16034;3;1;0;1;0;19;125;47
5974;2027;143;5;19;59948;8;6;1;0;2;49;447;57
6018;2025;92;2;1;2734;0;0;0;0;0;5;28;35
6018;2025;88;2;14;44294;8;3;1;0;0;43;341;54
6029;2025;91;2;36;97258;10;15;2;0;1;150;1021;46
6029;2023;91;2;3;4570;0;1;0;0;0;7;55;52
6029;2024;91;2;23;59922;6;10;0;1;0;73;575;52
6040;2024;88;2;6;18041;0;4;0;0;0;19;188;63
6041;2025;94;2;0;0;0;0;0;0;0;0;0;0
6041;2023;103;2;8;16226;1;1;0;0;0;21;150;50
6064;2025;85;2;13;28234;1;2;0;0;0;36;257;47
6070;2023;95;2;3;8805;1;1;0;0;0;12;80;49
6070;2024;95;2;12;22735;0;4;0;0;0;36;294;52
6070;2025;92;2;64;226854;41;22;1;2;5;204;1822;62
6070;2026;92;2;60;213375;39;18;2;2;2;180;1698;64
6070;2027;92;2;53;180989;18;32;3;1;1;234;2080;64
6092;2024;97;2;14;40405;7;3;0;0;0;43;331;50
6092;2025;88;2;49;173123;40;6;2;2;3;130;1070;56
6111;2023;65;3;2;7200;0;2;0;0;0;8;67;59
6111;2025;65;3;15;52171;12;2;0;1;2;27;323;64
6111;2026;65;3;33;114401;28;3;1;0;3;82;723;57
6147;2024;72;3;37;111915;11;15;3;0;2;139;1072;53
6147;2025;72;3;30;85907;3;18;1;0;0;109;1018;59
6158;2023;74;3;3;7859;1;1;0;0;0;7;63;53
6158;2024;74;3;34;117366;19;9;3;1;1;99;908;57
6158;2025;74;3;6;18300;1;4;0;0;0;23;187;54
6158;2026;80;3;46;160328;25;13;5;1;4;135;1366;62
6161;2023;80;3;2;4561;0;1;0;0;0;1;38;73
6161;2025;80;3;36;93333;4;18;1;0;0;113;1030;59
6161;2027;150;5;31;105275;10;18;0;3;2;105;968;63
6168;2024;75;3;1;3600;1;0;0;0;0;1;16;60
6168;2025;75;3;32;87386;13;10;1;2;0;94;797;54
6168;2026;69;3;20;57788;9;7;0;1;2;51;477;60
6180;2027;136;5;25;74846;7;9;3;0;0;79;740;62
6180;2023;73;3;1;3900;0;0;1;0;0;3;32;64
6180;2024;71;3;8;23770;3;1;1;0;1;20;235;66
6180;2025;71;3;39;128237;13;19;1;3;3;120;1338;70
6180;2026;71;3;48;156885;13;31;1;1;0;196;1715;60
6182;2025;74;3;17;47165;6;6;0;1;1;43;391;55
6182;2025;76;3;2;7164;1;1;0;0;0;10;62;43
6182;2023;69;3;12;34946;5;4;0;1;0;36;310;53
6182;2024;69;3;19;65266;11;7;1;1;0;59;578;61
6184;2023;71;3;27;88474;11;13;2;1;2;90;832;58
6184;2025;84;3;41;142670;29;8;2;2;5;97;857;59
6184;2026;84;3;43;131362;8;27;1;1;0;175;1516;59
6184;2027;148;5;6;20613;3;3;0;1;0;17;137;55
6187;2027;134;5;26;73318;11;8;0;0;0;74;678;60
6187;2024;77;3;11;32207;2;7;0;0;0;34;259;51
6187;2025;82;3;23;66290;7;12;1;1;0;85;720;57
6198;2025;73;3;57;190550;39;12;3;3;4;138;1304;60
6198;2026;73;3;28;96874;20;6;1;1;3;71;629;59
6259;2024;63;3;2;7200;2;0;0;0;0;5;46;58
6259;2023;71;3;29;91847;12;9;2;2;2;80;869;64
6262;2024;74;3;2;7154;1;1;0;0;0;2;47;70
6262;2025;74;3;16;48119;6;5;2;0;0;52;452;56
6262;2026;74;3;30;86288;6;15;3;1;2;109;991;61
6283;2023;70;3;9;28142;3;3;1;0;0;27;245;62
6283;2024;80;3;6;16293;1;3;0;0;0;27;192;46
6283;2025;80;3;47;151583;14;29;2;3;0;205;1667;57
6287;2026;106;4;31;94227;20;6;0;2;1;85;649;51
6287;2024;106;4;23;60034;4;14;0;0;1;80;678;56
6287;2025;106;4;30;94857;14;7;2;1;0;94;787;56
6373;2024;114;4;17;48585;5;6;0;0;1;46;401;55
6373;2025;114;4;66;198615;10;50;4;4;1;295;2543;59
6373;2026;114;4;62;216294;37;19;5;2;5;176;1997;71
6373;2027;114;4;47;169646;39;5;2;1;6;116;1146;65
6395;2026;106;4;45;152177;27;12;3;1;3;149;1124;53
6395;2025;110;4;5;12441;4;0;0;0;0;10;128;63
6395;2023;106;4;7;20044;2;2;0;1;0;21;165;52
6395;2024;106;4;22;70273;8;3;5;0;0;74;715;60
6395;2024;121;4;8;20302;2;5;0;0;0;34;213;45
6395;2025;121;4;26;84123;15;9;1;1;3;86;675;54
6446;2024;47;1;19;65515;6;9;3;1;0;63;646;68
6446;2024;66;3;21;64865;11;7;1;3;1;52;552;68
6446;2025;0;0;40;122393;11;17;4;3;0;123;1165;67
6446;2026;0;0;41;145223;24;14;3;3;3;102;1302;79
6446;2027;0;0;37;123921;19;15;0;4;1;113;1148;72
6491;2025;57;1;19;65638;11;6;2;1;1;53;490;61
6491;2027;132;5;44;150406;24;16;1;2;4;108;1054;63
6493;2023;92;2;50;160207;14;24;5;2;1;200;1927;69
6493;2024;92;2;56;196312;33;18;3;1;1;192;1629;61
6493;2025;123;1;35;124433;16;17;0;1;2;98;1146;72
6493;2026;123;1;1;3554;0;1;0;1;0;4;48;74
6493;2026;36;1;15;51384;4;9;2;1;0;57;577;74
6493;2026;31;0;22;74479;13;4;4;1;1;62;723;76
6493;2027;123;1;33;114582;15;17;0;2;2;113;1080;66
6495;2024;108;4;24;84938;11;12;0;2;1;81;828;71
6495;2025;37;1;51;181495;21;25;5;3;3;149;1673;70
6495;2026;125;1;35;107505;11;16;3;3;0;111;1116;64
6495;2027;126;5;43;140880;20;18;1;1;5;114;1158;67
6515;2023;88;2;51;172056;17;27;3;1;0;211;1886;63
6515;2025;32;1;4;15000;3;1;0;0;0;12;147;77
6515;2025;23;0;27;87393;16;7;1;5;2;78;792;71
6515;2026;23;0;55;184492;31;14;5;4;4;154;1518;69
6515;2027;23;0;35;117607;16;12;3;4;1;107;1035;69
6527;2024;107;4;49;175271;31;17;1;0;3;158;1485;67
6527;2025;107;4;62;209612;30;29;0;1;1;238;2472;71
6527;2026;19;0;17;45699;6;9;1;0;2;53;482;65
6527;2026;10;0;15;48708;5;8;0;2;1;44;450;71
6527;2027;10;0;36;117568;13;17;1;5;0;117;1112;69
6539;2024;88;2;45;139808;19;19;4;2;0;155;1286;57
6539;2027;127;5;43;155505;29;12;2;2;6;95;1093;69
6545;2023;115;4;31;99474;15;13;1;2;3;101;839;57
6545;2023;118;4;17;56998;12;4;0;0;1;46;424;64
6545;2024;118;4;59;208804;47;10;1;1;10;133;1583;72
6545;2025;34;1;28;96114;15;11;2;1;0;86;860;66
6545;2026;34;1;46;161407;23;17;4;3;2;148;1553;74
6545;2027;135;5;50;176228;41;8;0;0;6;95;1018;65
6571;2027;38;1;31;112581;20;7;4;0;3;77;798;66
6571;2023;21;0;36;117815;16;13;3;4;1;97;1034;71
6571;2024;21;0;38;115613;15;12;3;3;2;105;941;64
6571;2025;21;0;15;43889;5;5;1;1;0;36;437;74
6571;2026;36;1;20;63164;6;9;1;1;0;75;713;67
6571;2026;60;1;7;22742;4;3;0;0;1;26;203;56
6580;2024;101;2;24;72983;12;9;1;1;0;82;588;50
6580;2025;101;2;34;95320;12;12;3;1;0;125;886;49
6580;2026;101;2;23;37181;1;6;0;0;0;61;566;58
6581;2027;98;2;29;75592;5;12;2;1;0;97;757;52
6581;2026;98;2;27;86026;15;8;1;0;2;86;577;49
6581;2025;98;2;6;10404;0;2;0;0;0;13;96;49
6581;2025;94;2;1;2172;0;1;0;0;0;6;37;38
6603;2027;104;2;27;83454;12;8;3;1;1;76;710;59
6603;2026;104;2;18;60162;9;8;1;1;0;63;495;53
6603;2026;92;2;10;28834;5;3;0;0;0;32;260;54
6603;2025;87;2;11;32787;4;5;1;0;0;36;254;47
6627;2027;100;2;33;97683;11;16;0;2;1;139;1112;55
6627;2026;100;2;25;81444;17;4;0;1;3;67;451;51
6633;2026;95;2;41;124070;16;20;1;1;0;153;1163;52
6638;2024;93;2;8;19891;6;1;0;0;1;12;147;64
6638;2025;93;2;2;6383;0;2;0;0;0;13;85;49
6638;2026;97;2;17;49513;11;4;0;0;1;37;336;57
6661;2024;101;2;15;43132;5;4;1;0;0;55;337;44
6661;2025;101;2;2;7303;1;0;1;0;0;5;58;72
6663;2027;85;2;22;68813;10;6;2;0;1;53;496;58
6663;2024;103;2;18;49908;4;6;2;1;0;64;477;52
6663;2026;85;2;28;92421;8;17;1;2;0;103;765;52
6680;2024;99;2;6;9285;1;0;0;0;0;14;85;44
6680;2025;96;2;20;63233;6;9;3;1;0;71;592;55
6680;2026;89;2;35;114811;18;12;1;1;1;117;928;56
6683;2024;91;2;15;44087;1;9;2;0;0;68;479;44
6683;2025;91;2;49;148386;14;25;2;2;2;190;1449;51
6683;2026;91;2;46;130250;5;26;2;0;1;176;1626;60
6683;2027;91;2;42;137010;22;15;4;1;3;153;1260;58
6687;2024;87;2;27;76509;6;13;2;0;0;104;746;49
6687;2025;87;2;55;182237;37;13;0;2;3;157;1456;60
6687;2026;87;2;60;217375;47;8;5;0;4;138;1357;61
6687;2027;87;2;57;187727;17;35;3;2;0;242;2107;63
6692;2026;97;2;7;25136;2;3;1;0;0;29;202;46
6692;2026;87;2;1;3576;0;1;0;0;0;5;24;34
6692;2025;87;2;9;29996;6;2;0;0;0;32;225;49
6706;2024;86;2;19;58646;8;5;2;2;0;69;401;43
6706;2025;86;2;45;142105;17;19;5;3;2;166;1416;56
6706;2026;86;2;60;170253;8;43;3;1;0;277;2400;60
6713;2025;101;2;46;145024;18;19;2;1;0;187;1414;53
6713;2026;101;2;64;207901;27;33;1;3;1;260;2242;59
6715;2024;102;2;5;10093;1;1;2;0;0;11;107;56
6715;2025;102;2;43;107402;10;16;1;0;0;164;1255;52
6715;2026;102;2;44;115748;4;28;2;1;0;173;1532;57
6731;2025;95;2;26;62785;7;14;0;1;1;101;758;52
6731;2026;95;2;40;120872;17;14;0;1;3;127;1105;57
6731;2027;95;2;35;116260;16;13;2;1;1;115;1058;60
6738;2024;80;3;4;11796;3;0;0;0;0;8;77;56
6738;2026;80;3;28;87267;11;11;3;3;0;85;765;61
6753;2025;83;3;34;116304;13;18;1;0;0;121;1155;62
6753;2026;83;3;21;65836;11;8;0;1;1;57;570;65
6753;2026;63;3;17;54286;10;5;0;1;2;44;453;63
6761;2026;67;3;24;74652;11;8;1;1;1;70;653;60
6770;2025;71;3;8;24999;1;5;1;0;0;35;291;56
6784;2024;74;3;36;123649;18;11;6;2;2;118;1066;59
6784;2025;74;3;42;132324;16;20;2;3;2;147;1214;56
6784;2026;74;3;51;160183;6;34;4;3;0;205;1967;66
6791;2026;66;3;32;93095;6;14;4;0;0;115;1077;61
6791;2024;81;3;14;23284;0;3;0;0;0;42;323;49
6791;2025;81;3;3;7930;0;1;0;0;0;6;66;59
6804;2024;72;3;34;105883;12;15;4;2;1;122;999;52
6804;2025;72;3;50;161372;20;23;3;3;0;184;1785;63
6804;2026;72;3;35;112275;22;10;0;1;1;101;813;55
6804;2027;72;3;50;181054;47;2;1;0;12;73;762;62
6810;2025;63;3;2;2869;0;0;0;0;0;4;32;52
6810;2026;63;3;30;92860;15;9;1;2;0;87;861;61
6813;2027;83;3;24;87016;21;2;1;0;7;46;408;60
6813;2024;73;3;11;31435;4;4;1;0;0;31;186;43
6813;2026;83;3;10;33342;4;3;2;0;0;34;286;55
6821;2024;71;3;1;3900;1;0;0;0;0;4;41;70
6821;2026;71;3;18;62854;9;9;0;1;1;56;581;65
6821;2027;71;3;57;206030;30;22;5;3;4;175;1921;71
6824;2027;67;3;61;187710;5;55;1;5;0;301;2866;66
6824;2026;67;3;49;172535;26;18;4;2;3;156;1454;62
6837;2024;73;3;18;54858;7;5;2;0;0;55;375;49
6837;2025;73;3;18;55570;8;6;0;1;0;64;493;53
6837;2026;73;3;42;148653;35;6;0;0;4;103;1024;62
6837;2027;73;3;61;202644;17;41;3;0;0;270;2573;67
6870;2027;146;5;31;86653;5;17;1;3;2;113;1074;65
6870;2024;69;3;40;129662;17;14;4;0;1;149;1157;53
6870;2025;69;3;39;133057;16;17;3;1;0;132;1107;57
6870;2026;69;3;41;136590;15;20;3;2;1;138;1215;61
6879;2027;72;3;15;54061;14;1;0;0;1;25;234;56
6879;2026;72;3;13;46752;11;2;0;0;1;28;319;67
6890;2026;71;3;11;25276;0;5;0;1;0;30;284;57
6896;2026;78;3;19;59148;8;7;2;1;1;56;517;60
6896;2024;78;3;3;10800;2;1;0;0;0;10;75;54
6905;2025;68;3;13;47000;9;4;0;1;0;35;314;57
6905;2026;68;3;25;73276;13;7;0;1;0;68;600;57
6905;2027;68;3;30;96670;11;13;3;2;2;92;823;62
6908;2027;111;4;24;70640;7;9;3;0;1;83;749;59
6908;2026;111;4;26;90199;21;2;1;1;1;73;586;55
6908;2024;111;4;7;24665;3;4;0;0;0;25;222;57
6908;2025;111;4;31;98148;16;9;1;0;1;109;805;51
6927;2025;106;4;46;151275;21;21;3;2;4;158;1191;55
6936;2025;118;4;25;79403;10;11;0;0;2;86;721;55
6936;2025;112;4;3;6066;1;0;0;0;0;4;60;61
6936;2026;112;4;7;22276;2;4;0;1;0;28;218;55
6936;2026;107;4;26;81482;12;10;1;0;2;82;763;61
6936;2027;128;5;37;118263;11;21;2;1;1;136;1282;62
6937;2024;111;4;19;43477;6;6;0;2;0;45;442;57
6937;2025;111;4;43;140252;28;10;2;2;2;117;1057;59
6937;2026;111;4;44;155754;34;8;2;0;2;129;1014;55
6937;2027;111;4;40;137165;17;16;5;1;2;147;1472;66
6939;2024;122;4;1;3600;1;0;0;0;0;4;19;36
6939;2025;122;4;51;147793;7;31;4;2;0;223;1649;51
6939;2026;122;4;56;191538;35;17;2;0;3;168;1536;62
6939;2027;69;3;58;202622;24;31;2;2;2;217;2118;65
6940;2025;118;4;35;110833;14;15;2;3;2;110;863;52
6940;2026;118;4;51;171882;41;7;1;0;4;144;1454;62
6961;2025;120;4;9;29397;7;1;0;0;0;16;112;50
6961;2026;120;4;26;80063;5;18;0;2;0;115;796;51
6961;2027;110;4;35;123653;22;10;2;2;1;110;921;56
6967;2027;121;4;38;122699;21;9;2;0;0;130;1091;58
6967;2024;121;4;4;12316;1;2;1;0;0;14;131;54
6967;2025;121;4;39;125198;13;18;2;1;3;147;1352;61
6967;2026;121;4;50;163894;16;24;5;2;0;188;1457;52
6968;2024;115;4;20;59472;7;7;0;1;0;59;467;53
6968;2025;115;4;35;120819;22;9;2;1;1;113;870;52
6968;2026;115;4;30;93865;14;11;0;1;1;93;815;59
6968;2027;115;4;27;81752;6;13;2;2;0;95;951;64
6985;2024;122;4;18;51241;6;5;2;1;1;44;419;56
6985;2025;122;4;36;97997;7;18;1;1;0;148;1129;51
6985;2026;122;4;4;14476;4;0;0;0;0;8;78;60
6985;2026;12;0;2;4583;1;0;0;0;0;6;39;54
6985;2026;114;4;8;25862;6;1;0;1;1;18;235;75
6985;2027;114;4;9;30051;7;2;0;0;0;19;213;69
6993;2027;120;4;36;118805;17;17;0;3;2;109;1030;61
6993;2026;120;4;40;108948;13;13;3;3;0;121;1057;58
6993;2024;120;4;5;10581;1;1;0;0;0;12;90;46
6993;2025;120;4;10;28138;5;2;0;1;1;28;180;47
7003;2027;122;4;35;120386;26;6;1;0;3;108;938;59
7003;2026;122;4;10;21617;4;1;0;0;0;29;192;48
7003;2026;114;4;0;0;0;0;0;0;0;0;0;0
7012;2024;109;4;7;17180;1;2;1;0;0;22;192;59
7012;2025;109;4;13;22130;1;2;1;0;0;34;241;48
7012;2026;109;4;25;66462;2;14;2;0;0;94;808;56
7012;2027;109;4;11;29045;7;1;1;1;0;18;263;70
7029;2027;105;4;45;145793;15;26;2;2;1;173;1397;56
7029;2026;105;4;9;21816;0;5;1;1;0;41;275;49
7029;2024;105;4;10;25573;2;3;1;0;0;35;273;50
7029;2025;105;4;50;148133;8;29;7;1;0;233;1840;52
7075;2027;96;2;51;168768;14;30;5;2;0;214;2084;66
7075;2026;96;2;46;149515;18;20;2;0;2;153;1482;61
7075;2025;96;2;41;120428;13;21;0;1;0;157;1206;52
7078;2027;99;2;11;36451;7;2;1;0;0;30;220;49
7078;2025;100;2;41;136731;27;8;4;0;3;117;949;54
7078;2026;100;2;50;164478;39;6;2;2;6;121;967;56
7078;2027;100;2;27;82880;7;15;1;0;0;113;942;57
7091;2027;94;2;2;4260;1;0;0;0;0;5;39;52
7091;2026;94;2;20;56830;9;6;2;1;0;53;478;56
7091;2025;94;2;9;21428;0;3;0;2;0;31;259;55
7115;2027;88;2;26;94237;20;4;2;0;1;62;615;64
7115;2026;88;2;22;68072;8;12;0;0;0;78;605;55
7115;2025;88;2;8;28738;4;4;0;1;1;20;171;57
7142;2026;85;2;27;88053;13;11;0;1;2;90;687;53
7142;2027;85;2;40;137694;26;11;2;0;3;115;973;56
7155;2025;86;2;36;105003;5;18;4;2;0;144;1058;47
7155;2026;86;2;34;75297;3;11;0;0;0;131;1056;53
7155;2027;86;2;32;103053;12;17;1;2;0;125;1054;57
7163;2026;98;2;48;160008;34;8;2;3;2;129;1028;54
7163;2027;98;2;44;133183;7;31;1;1;0;200;1463;51
7164;2027;86;2;14;48691;6;8;0;0;0;53;456;58
7164;2025;98;2;5;16092;2;0;2;0;0;16;162;61
7164;2027;101;2;31;108217;20;8;1;0;0;95;916;60
7211;2027;103;2;24;86700;24;0;0;0;3;48;373;56
7211;2026;103;2;17;58489;13;3;1;0;3;48;381;54
7215;2026;103;2;1;3600;1;0;0;0;0;5;30;47
7218;2027;99;2;12;43800;10;1;1;0;0;31;260;58
7218;2025;99;2;3;9485;1;2;0;0;0;11;87;51
7227;2025;99;2;19;48608;3;6;3;0;0;66;536;51
7227;2026;99;2;10;26505;3;4;1;0;0;28;236;54
7227;2027;99;2;27;97097;23;4;0;0;2;68;582;57
7237;2027;75;3;25;80248;18;4;0;2;1;66;573;56
7237;2026;75;3;23;63864;8;9;0;0;0;76;624;54
7269;2027;67;3;28;39411;0;2;0;0;0;72;742;60
7271;2025;82;3;42;133253;12;17;6;0;0;134;1205;58
7271;2026;82;3;53;182809;36;12;2;2;5;159;1382;57
7271;2027;82;3;59;212028;54;5;0;1;10;111;1213;65
7298;2027;75;3;43;147770;24;15;2;1;1;143;1101;54
7298;2025;75;3;48;159360;19;23;2;1;0;190;1397;50
7298;2026;75;3;54;181456;35;15;1;0;0;171;1545;58
7302;2025;82;3;14;47396;6;4;3;1;0;46;437;56
7302;2026;82;3;19;64275;10;4;4;0;1;54;501;58
7302;2027;82;3;6;16129;4;0;0;0;0;8;54;50
7325;2027;83;3;39;140819;36;2;1;0;8;59;650;62
7325;2026;76;3;27;78234;6;17;0;1;0;120;993;56
7325;2026;83;3;16;57119;10;5;1;0;3;48;482;62
7327;2025;69;3;37;113351;19;11;2;0;5;97;873;57
7327;2027;69;3;5;5113;0;1;0;0;0;9;91;56
7385;2025;84;3;30;105372;22;4;3;0;1;67;630;57
7385;2026;84;3;39;114063;8;21;3;3;2;155;1412;61
7385;2027;84;3;56;152159;7;43;1;0;1;259;2286;60
7389;2027;74;3;46;143090;18;20;2;2;1;154;1221;53
7409;2027;70;3;47;165567;32;14;1;1;3;144;1271;58
7409;2025;70;3;26;68917;9;7;1;0;1;85;680;52
7409;2026;70;3;43;123717;10;21;6;0;0;161;1372;56
7425;2025;112;4;5;9444;2;1;0;0;0;12;60;41
7425;2026;121;4;27;81808;8;15;0;1;0;106;868;56
7425;2027;121;4;28;78026;10;11;2;2;0;100;785;51
7435;2025;116;4;33;86030;1;18;2;1;1;127;1037;52
7435;2026;116;4;36;112168;13;14;3;1;1;126;1155;59
7435;2027;116;4;22;69230;16;3;1;1;1;55;489;59
7444;2026;113;4;22;57644;9;8;0;0;2;61;529;56
7461;2025;115;4;38;125405;22;13;0;2;2;112;984;58
7461;2026;115;4;46;151336;26;15;2;3;1;143;1347;62
7461;2027;115;4;38;117400;5;27;2;1;0;151;1358;61
7466;2025;119;4;21;67911;14;5;0;0;1;53;415;52
7466;2026;119;4;17;47518;8;3;0;1;1;33;338;57
7466;2027;119;4;10;32956;5;3;1;0;0;30;291;59
7466;2027;112;4;26;85140;14;9;0;0;0;94;726;53
7512;2025;119;4;51;177599;36;12;1;1;4;140;1178;55
7512;2026;113;4;55;188127;30;20;1;1;3;178;1567;59
7512;2027;113;4;46;138059;15;21;2;5;1;156;1415;60
7538;2025;105;4;17;42348;3;7;1;0;0;62;461;48
7538;2025;111;4;2;7200;2;0;0;0;0;4;40;62
7538;2026;109;4;41;131437;5;27;5;2;0;181;1568;57
7538;2027;109;4;41;136051;10;23;2;0;0;175;1277;50
7561;2025;116;4;53;160128;11;33;3;2;1;214;1917;58
7561;2024;108;4;3;5754;0;0;1;0;0;4;65;67
7562;2027;118;4;9;17782;0;2;1;1;0;33;254;53
7562;2024;121;4;4;13427;2;1;0;0;0;16;127;56
7562;2024;117;4;7;15835;1;0;1;0;0;15;155;61
7562;2025;114;4;25;47393;0;2;2;1;0;83;731;56
7562;2026;112;4;5;13451;1;4;0;1;0;17;141;57
7562;2027;112;4;13;30678;6;3;0;0;0;44;288;46
7596;2027;79;3;17;59829;9;8;0;1;3;54;461;58
7596;2027;69;3;7;16088;1;3;0;1;0;26;157;43
7596;2024;69;3;18;51904;5;9;0;0;0;64;403;45
7596;2025;83;3;39;129632;14;17;5;3;1;117;1175;62
7596;2026;83;3;27;89611;15;7;2;0;2;79;792;66
7596;2026;69;3;15;51059;7;7;0;0;0;50;511;63
7598;2024;72;3;10;29290;3;4;1;1;0;30;297;63
7598;2025;77;3;13;33970;3;6;0;0;0;42;358;54
7598;2026;81;3;33;110313;18;10;2;1;2;113;865;53
7598;2027;65;3;38;99835;8;17;2;1;0;147;1181;54
7630;2026;89;2;6;14201;0;5;0;1;0;33;176;33
7630;2027;94;2;10;26710;3;4;0;0;0;35;266;50
7654;2027;97;2;27;82905;4;17;1;1;0;122;876;51
7654;2026;97;2;35;117766;22;9;2;0;3;100;980;63
7666;2026;97;2;16;53880;4;9;1;1;1;62;461;50
7666;2027;97;2;35;94404;4;21;1;1;0;139;1062;52
7716;2026;89;2;37;116133;15;17;0;1;0;145;1088;50
7716;2027;89;2;41;135438;17;16;3;4;2;144;1280;58
7717;2027;87;2;13;18483;2;0;0;0;0;27;223;51
7717;2026;103;2;9;30312;2;6;1;1;0;43;247;38
7735;2027;96;2;23;41915;3;6;0;0;1;67;572;54
7735;2026;96;2;13;40379;6;4;1;0;1;44;367;54
7749;2027;100;2;9;28833;4;4;0;1;0;38;272;47
7762;2027;90;2;15;44092;4;6;0;0;0;50;399;54
7762;2026;90;2;28;85707;12;7;3;2;1;80;713;57
7781;2026;79;3;21;62479;2;18;0;2;0;93;772;55
7816;2026;68;3;51;173791;28;14;6;3;1;167;1456;56
7816;2027;68;3;39;138882;19;16;3;0;5;113;1105;63
7840;2027;66;3;38;107398;8;23;3;2;0;152;1141;51
7840;2026;66;3;16;44979;4;7;1;0;0;51;438;52
7849;2026;72;3;26;86624;14;8;1;2;4;68;615;58
7855;2027;84;3;33;71156;1;10;0;1;0;119;1149;58
7864;2027;66;3;27;81176;12;7;1;0;1;94;853;60
7895;2027;68;3;0;0;0;0;0;0;0;0;0;0
7895;2026;77;3;12;34519;3;3;1;0;0;40;269;44
7899;2027;81;3;27;75218;5;12;1;2;0;85;716;55
7901;2027;79;3;18;48052;4;9;0;2;0;70;532;50
7901;2026;79;3;25;76345;4;16;2;3;0;92;829;57
7904;2026;79;3;38;106869;9;16;1;1;0;144;1150;53
7904;2027;79;3;39;121316;14;13;6;0;3;117;1055;59
7908;2026;64;3;28;88600;12;8;3;2;1;103;815;52
7908;2027;64;3;23;75585;14;5;1;2;1;52;591;65
7911;2026;65;3;38;131853;29;4;3;2;4;87;755;57
7911;2027;65;3;43;128092;6;27;3;1;0;180;1585;60
7966;2026;122;4;6;18858;5;0;0;0;0;16;130;51
7966;2027;122;4;27;82923;16;4;3;0;1;69;602;55
7993;2026;108;4;42;139374;13;25;3;3;0;158;1256;53
7993;2027;108;4;38;119339;17;14;3;0;1;143;1068;52
7999;2027;107;4;6;19081;4;2;0;0;1;21;149;50
8000;2027;105;4;2;3900;0;1;0;0;0;3;28;52
8000;2026;116;4;17;51956;6;8;1;0;1;65;472;49
8014;2027;105;4;20;54109;5;5;2;0;1;55;528;61
8014;2026;105;4;17;39008;1;9;0;0;0;58;442;49
8031;2027;106;4;33;112928;21;6;3;2;1;98;797;58
8037;2027;107;4;13;32515;3;5;0;0;1;47;366;48
8038;2027;119;4;11;38989;3;8;0;0;0;47;372;56
8038;2026;117;4;7;14498;2;1;0;0;0;20;174;55
8056;2026;108;4;36;106192;14;13;0;1;3;116;1012;59
8056;2027;108;4;28;79346;10;11;0;1;1;95;676;50
8057;2026;114;4;2;4469;0;0;0;0;0;2;43;65
8057;2026;120;4;20;56923;7;8;1;0;1;66;560;55
8057;2027;120;4;20;55712;7;6;2;1;1;63;533;55
8101;2025;97;2;35;118967;22;8;4;3;4;95;812;55
8101;2026;94;2;56;189526;36;14;1;1;3;169;1501;59
8101;2027;94;2;30;104249;18;12;0;1;1;104;952;60
8101;2027;92;2;1;1570;0;0;0;0;0;4;24;43
8102;2026;93;2;24;70563;3;12;2;3;0;106;795;50
8102;2025;95;2;40;90236;7;15;0;0;0;158;1102;47
8103;2027;92;2;5;10078;1;1;0;0;0;14;128;58
8103;2027;93;2;29;104927;26;2;1;0;8;48;568;67
8103;2025;102;2;48;138306;11;28;2;3;0;200;1718;59
8103;2026;93;2;53;175734;15;31;5;1;1;201;1644;57
8104;2027;99;2;8;25220;2;4;1;1;0;30;206;48
8104;2027;92;2;1;3600;0;1;0;0;0;4;40;65
8104;2026;104;2;28;82755;13;6;2;0;0;91;667;50
8104;2025;104;2;34;111693;26;5;0;1;1;87;905;62
8105;2025;104;2;40;134850;22;12;3;1;2;131;1039;53
8105;2026;102;2;46;129685;1;31;2;0;0;207;1691;57
8105;2027;102;2;27;79548;11;10;1;0;1;95;780;54
8106;2025;93;2;16;52117;4;10;0;1;1;57;491;57
8106;2025;96;2;19;62404;9;6;1;1;1;62;578;61
8106;2026;88;2;33;110491;19;10;1;1;2;101;830;56
8107;2027;92;2;7;14040;1;1;0;0;0;15;173;62
8107;2026;87;2;7;25122;6;1;0;0;1;15;149;59
8107;2025;100;2;34;111298;20;6;3;2;1;97;753;52
8108;2027;116;4;36;122212;25;7;1;1;3;113;851;52
8108;2026;116;4;26;83496;6;12;5;0;1;103;813;53
8108;2026;107;4;23;66246;7;12;0;0;0;101;715;49
8108;2025;117;4;36;104724;15;15;0;1;2;121;1005;54
8109;2025;108;4;55;159558;15;30;2;1;1;230;1728;51
8109;2026;119;4;57;197465;45;11;1;2;6;150;1358;60
8109;2027;107;4;45;147957;16;20;5;4;0;159;1558;66
8110;2025;110;4;9;20578;2;2;0;0;0;29;230;53
8110;2025;121;4;14;36923;3;6;1;1;0;49;405;54
8110;2026;118;4;23;74706;11;8;0;0;1;83;721;59
8111;2027;112;4;12;34757;4;4;1;0;0;37;323;55
8111;2025;110;4;1;3600;1;0;0;0;0;1;32;88
8111;2025;105;4;21;55979;6;7;0;3;0;67;758;66
8111;2026;110;4;14;35547;5;2;1;0;0;42;400;59
8111;2027;118;4;23;49853;3;12;0;0;0;82;603;50
8112;2025;77;3;34;112113;14;14;3;1;0;125;1012;56
8112;2026;81;3;40;133222;19;15;3;1;1;129;1048;56
8113;2025;79;3;19;40356;3;3;0;2;0;49;417;56
8113;2026;76;3;42;120576;5;27;1;0;0;166;1496;59
8113;2027;77;3;41;90400;2;20;0;0;0;145;1351;58
8114;2025;79;3;62;206462;23;36;3;2;1;248;2028;56
8114;2026;77;3;62;211712;35;24;2;3;2;205;1831;62
8120;2025;108;4;34;85430;8;13;0;2;1;127;902;48
8120;2026;107;4;33;97929;14;9;3;1;0;101;921;58
8121;2025;66;3;21;67595;6;13;0;0;1;84;756;60
8121;2025;81;3;10;35915;4;6;0;1;0;33;285;55
8121;2026;70;3;39;123345;8;21;2;1;1;160;1453;62
8122;2025;95;2;33;92401;9;15;1;0;0;129;961;50
8122;2025;94;2;2;5263;0;1;0;0;0;13;58;26
8122;2026;90;2;27;91363;14;11;1;3;1;73;641;56
8122;2026;85;2;18;64894;10;7;1;0;2;49;513;65
8126;2025;93;2;25;74245;6;12;1;0;1;91;811;58
8126;2026;88;2;20;66550;13;4;1;1;1;44;450;62
8126;2026;90;2;20;68872;9;10;1;1;1;78;614;55
8126;2027;104;2;37;126556;14;19;2;2;1;144;1143;55
8130;2025;71;3;29;92096;11;16;1;1;0;101;887;57
8130;2026;66;3;36;107812;7;25;0;1;0;145;1270;57
8130;2027;71;3;7;21821;4;2;0;1;0;16;208;67
8131;2026;96;2;20;56824;6;9;2;0;0;78;719;59
8131;2026;91;2;24;70656;7;14;1;1;0;107;774;50
8131;2025;93;2;36;113380;12;18;3;2;0;140;1211;59
8132;2025;81;3;13;47323;9;4;0;0;0;40;379;61
8132;2026;78;3;53;187248;33;15;3;2;0;163;1603;64
8132;2027;77;3;49;141016;4;36;2;0;0;266;2230;58
8133;2025;68;3;5;17641;3;2;0;1;0;18;109;47
8133;2026;63;3;2;7200;1;1;0;0;0;6;78;80
8133;2027;76;3;38;109378;12;13;2;2;1;122;1245;64
8134;2025;68;3;29;102021;21;4;3;1;0;79;710;57
8134;2026;64;3;48;157349;31;13;1;2;4;113;1202;63
8136;2026;63;3;27;91653;16;8;2;1;1;89;716;55
8136;2025;76;3;4;9181;0;2;0;1;0;10;85;55
8150;2027;113;4;21;58380;4;9;3;1;0;74;602;55
8150;2025;118;4;17;56330;12;3;1;0;2;38;465;69
8150;2026;105;4;45;140640;7;30;2;2;0;194;1550;56
8154;2027;103;2;8;28800;8;0;0;0;1;19;149;55
8154;2027;91;2;17;51795;7;5;0;2;0;46;382;55
8154;2026;89;2;0;0;0;0;0;0;0;0;0;0
8154;2025;90;2;14;33513;5;2;1;1;0;28;222;51
8165;2027;88;2;24;83752;16;6;2;1;0;78;599;52
8165;2026;104;2;31;102975;14;13;2;1;0;109;950;58
8165;2026;92;2;1;3600;1;0;0;0;1;0;21;88
8168;2027;95;2;26;82234;13;9;2;1;0;87;686;55
8168;2026;91;2;17;44336;2;10;1;1;0;67;647;61
8220;2027;103;2;26;93547;22;4;0;0;5;59;423;52
8236;2027;101;2;23;66509;7;9;3;1;0;77;603;50
8314;2027;94;2;22;73597;12;6;2;0;0;78;586;48
8320;2027;93;2;17;60747;13;3;1;0;0;53;338;45
8322;2027;86;2;20;57811;4;9;1;1;0;72;537;49
8367;2027;70;3;19;63068;9;5;2;1;1;56;461;55
8404;2027;64;3;45;156215;34;6;4;0;4;99;953;59
8420;2027;76;3;37;119190;12;22;2;1;1;154;1288;56
8429;2027;73;3;14;21533;0;1;0;1;0;31;355;59
8442;2027;74;3;31;84117;12;11;0;2;0;91;690;49
8450;2027;81;3;47;149519;20;22;2;1;3;161;1244;53
8474;2027;63;3;8;26317;4;4;0;1;0;29;225;51
8476;2027;63;3;33;111162;22;8;1;2;1;93;864;58
8493;2027;80;3;31;102295;18;9;1;1;4;82;729;58
8499;2027;78;3;29;83787;15;6;0;0;1;61;529;53
8529;2027;117;4;25;82204;16;6;0;2;0;82;664;52
8549;2027;106;4;24;79152;12;10;1;0;2;74;597;53
8564;2027;110;4;25;79216;13;7;2;1;1;78;665;57
8590;2027;120;4;8;27223;2;4;1;0;0;38;253;44
8595;2027;114;4;0;0;0;0;0;0;0;0;0;0
8612;2027;116;4;2;7168;1;1;0;0;0;5;54;62
8614;2027;112;4;14;48178;6;8;0;0;2;53;456;59
8626;2027;109;4;16;41645;4;8;1;0;0;49;383;52
8629;2027;118;4;46;130676;6;29;2;3;0;208;1563;53
8658;2027;117;4;24;67961;8;10;0;0;0;84;552;44
8685;2027;80;3;36;121772;16;15;3;2;2;111;914;56
8685;2026;81;3;1;3545;0;1;0;0;0;5;28;33
8689;2027;119;4;7;17522;0;5;1;1;0;27;165;43
8689;2026;105;4;18;44201;1;12;0;0;0;67;528;51
8701;2026;114;4;0;0;0;0;0;0;0;0;0;0
8703;2027;119;4;31;99598;16;8;2;1;1;91;864;60
8703;2026;117;4;8;14361;1;2;0;0;0;23;170;51
8711;2026;76;3;15;46932;3;7;2;1;1;50;498;63
8711;2027;78;3;46;150836;32;9;3;1;6;122;1041;55
8717;2027;119;4;4;10121;2;1;0;0;0;10;91;60
8717;2026;109;4;16;48554;4;8;1;0;1;68;576;59
8721;2026;112;4;2;7200;1;1;0;0;0;8;98;72
8721;2026;114;4;0;0;0;0;0;0;0;0;0;0
8726;2027;66;3;14;38947;3;6;0;0;0;57;467;55
8729;2027;117;4;15;44672;8;5;1;0;2;34;359;64
8745;2027;102;2;40;130778;19;16;1;0;1;139;1155;57
9226;2027;89;2;25;71253;5;15;1;1;0;101;778;53
9227;2027;90;2;43;139209;17;18;6;1;2;145;1234;56
9245;2027;91;2;8;17330;2;2;0;1;0;24;163;45
9245;2027;85;2;2;3976;0;0;1;0;0;5;32;44
9247;2027;63;3;28;86408;12;10;1;1;1;90;740;53
9273;2027;93;2;12;40371;11;0;0;0;0;26;189;52
9274;2027;90;2;8;26733;5;2;0;0;0;29;237;55
9275;2027;101;2;11;32283;4;5;0;0;0;37;272;49
9279;2027;88;2;11;32391;6;1;1;0;0;29;222;51
9287;2027;97;2;9;24552;1;7;0;0;0;37;245;46
