TeamId;ES L1 LW;ES L1 C;ES L1 RW;ES L1 LD;ES L1 RD;ES L2 LW;ES L2 C;ES L2 RW;ES L2 LD;ES L2 RD;ES L3 LW;ES L3 C;ES L3 RW;ES L3 LD;ES L3 RD;ES L4 LW;ES L4 C;ES L4 RW;ES L4 LD;ES L4 RD;PP5on4 L1 LW;PP5on4 L1 C;PP5on4 L1 RW;PP5on4 L1 LD;PP5on4 L1 RD;PP5on4 L2 LW;PP5on4 L2 C;PP5on4 L2 RW;PP5on4 L2 LD;PP5on4 L2 RD;PP5on3 L1 LW;PP5on3 L1 C;PP5on3 L1 RW;PP5on3 L1 LD;PP5on3 L1 RD;PP5on3 L2 LW;PP5on3 L2 C;PP5on3 L2 RW;PP5on3 L2 LD;PP5on3 L2 RD;PP4on3 L1 F1;PP4on3 L1 F2;PP4on3 L1 LD;PP4on3 L1 RD;PP4on3 L2 F1;PP4on3 L2 F2;PP4on3 L2 LD;PP4on3 L2 RD;PK4on5 L1 F1;PK4on5 L1 F2;PK4on5 L1 LD;PK4on5 L1 RD;PK4on5 L2 F1;PK4on5 L2 F2;PK4on5 L2 LD;PK4on5 L2 LD;PK4on5 L3 F1;PK4on5 L3 F2;PK4on5 L3 LD;PK4on5 L3 LD;PK3on5 L1 F1;PK3on5 L1 LD;PK3on5 L1 RD;PK3on5 L2 F1;PK3on5 L2 LD;PK3on5 L2 LD;PK3on4 L1 F1;PK3on4 L1 LD;PK3on4 L1 RD;PK3on4 L2 F1;PK3on4 L2 LD;PK3on4 L2 LD;4on4 L1 F1;4on4 L1 F2;4on4 L1 LD;4on4 L1 RD;4on4 L2 F1;4on4 L2 F2;4on4 L2 LD;4on4 L2 LD;3on3 L1 F1;3on3 L1 LD;3on3 L1 RD;3on3 L2 F1;3on3 L2 LD;3on3 L2 LD;Shootout 1;Shootout 2;Shootout 3;Shootout 4;Shootout 5;Goalie 1;Goalie 2;Extra Attacker 1;Extra Attacker 2;
0;5863;7606;6244;1400;1019;618;1842;1391;5885;554;6994;5735;6172;949;7019;1751;6315;6660;;;5863;5735;6244;5885;1400;1751;7606;1391;6660;554;5863;5735;6244;5885;1400;1751;7606;1391;6660;554;5735;5863;1400;5885;6660;1751;7606;554;1842;7606;949;7019;618;6244;1400;1019;1391;6994;5885;554;7606;949;7019;1842;1400;1019;7606;949;7019;1842;1400;1019;5863;7606;1400;1019;6244;1842;5885;554;5863;7606;1400;6244;1842;5885;6315;1400;5885;6994;6172;6446;1926;7606;5863;
1;6360;7612;3299;6498;7613;7611;6226;6162;6012;6528;6465;6361;6468;6549;6865;6522;6032;7070;;;6360;7612;3299;6468;7613;7611;6226;6162;6012;6528;6360;7612;3299;6468;7613;7611;6226;6162;6012;6528;7612;6360;6162;7613;6226;6468;6012;6528;6361;6162;6498;6549;6226;6465;6012;6528;6468;6360;7613;;6226;6498;6549;6361;6012;6528;6226;6498;6549;6361;6012;6528;7612;6360;6498;7613;6226;6162;6012;6528;7612;6498;7613;6226;6012;6528;;3299;7612;7613;6360;977;3513;;7612;
2;7063;7605;6344;7615;5859;1359;1851;1764;6458;1999;5182;6605;8182;1763;5383;2413;1648;689;;;7063;7605;6344;5859;7615;1359;1851;1764;5383;6458;7063;7605;6344;5859;7615;1359;1851;1764;5383;6458;7605;7063;5859;6458;689;1359;1763;5383;1851;689;7615;1999;7605;7063;1763;5383;;;;;1851;1763;1999;7605;7615;5859;1851;1763;1999;7605;7615;5859;1359;7063;6458;5859;1648;7605;1763;5383;1359;7063;5859;1648;7605;6458;7063;6344;7605;1851;1764;5935;862;7063;1359;
3;2005;6470;2526;962;5866;802;1007;5867;2731;6336;5900;6439;1029;6462;5966;881;882;5632;;;1007;2526;1029;5866;6470;802;882;5867;2731;2005;1007;2526;1029;5866;6470;802;882;5867;2731;2005;802;2526;1007;5866;1029;6470;2005;6336;5900;6470;6462;6336;1029;6439;962;5866;802;2526;2731;5966;6470;6462;6336;6439;962;5966;6470;6462;6336;6439;962;5966;1029;2526;962;5866;1007;6470;2731;6336;2526;802;5866;6470;1007;2731;802;2526;1007;1029;6470;904;1064;2526;5867;
7;1944;5865;6431;8739;1595;5861;5896;1769;475;2092;7619;766;1385;6567;5441;5878;6452;5422;;;1944;5896;1769;5861;8739;7619;5865;1385;475;1595;5861;1944;1769;5896;8739;7619;5865;1385;475;1595;1769;1944;5861;8739;1385;5896;1595;475;766;5878;6567;1595;5865;6431;5441;2092;7619;5422;8739;475;5878;6567;1595;766;5441;2092;5878;6567;1595;766;5441;2092;1769;1944;1595;2092;5865;6431;8739;475;1769;1944;1595;5865;6431;8739;1769;5422;1944;6431;5896;1651;443;6431;5896;
8;5908;6432;430;1724;5858;861;6137;522;1750;5682;5618;5969;1425;5516;1506;5704;7618;6240;;;5908;6432;430;1724;5516;861;6137;522;1506;5858;5908;6432;430;1724;5516;861;6137;522;1506;5858;6432;5908;430;1724;522;6137;861;5516;1425;;;5858;;5618;1724;5682;6432;5908;5516;1506;1425;;5858;;1724;5682;1425;;5858;;1724;5682;5908;6432;1724;5858;6137;430;5516;5682;6432;5908;1724;6137;430;5858;5908;1724;522;430;6432;2123;5430;6432;5908;
9;6447;1773;1292;853;1393;1767;5951;512;1340;6550;1760;2827;6445;1456;5653;3890;5881;5391;;;6447;1773;1292;1456;1393;1767;5951;512;1340;6550;6447;1773;1292;1456;1393;1767;5951;512;1340;6550;6447;1773;1393;1292;5951;512;1340;1767;6445;1773;853;1393;5391;6447;1340;5653;3890;5881;1456;6550;1773;853;1393;6445;1340;5653;1773;853;1393;6445;1340;5653;1292;1773;853;1393;1767;512;1340;1456;1292;1773;1393;1767;512;1340;1773;1292;6447;6445;512;5934;930;;512;
10;1902;5899;5582;6441;5954;729;6440;1339;5626;6359;5874;1808;1954;1672;2033;875;1398;815;;;1902;5899;1339;5954;6359;5874;6440;5582;5626;1954;1902;5899;1339;5954;6359;5874;6440;5582;5626;1954;1902;5582;6359;5954;1954;1339;5899;;6440;5899;6441;5626;1808;5874;5954;6359;1398;815;2033;1672;5899;6441;5626;6440;5954;6359;5899;6441;5626;6440;5954;6359;1954;5899;5626;5954;1902;5582;6441;6359;1902;5899;5954;1339;6440;6359;1902;5899;1339;1954;5582;2689;1681;5899;1902;
12;6399;823;916;1128;697;5726;5498;839;2017;6719;878;8175;3401;3887;398;5495;6826;1712;;;3401;823;839;5495;1128;878;5498;916;5726;697;3401;823;;5495;1128;878;5498;916;5726;697;;6399;5495;1128;839;823;697;2017;916;823;2017;398;6399;1712;6719;697;878;5498;5726;1128;823;2017;398;6399;6719;697;823;2017;398;6399;6719;697;;6399;5495;1128;839;823;697;2017;5495;6399;1128;;823;697;6399;3401;839;823;5726;530;442;6399;823;
14;6449;6507;6459;5460;305;1424;867;6322;5873;16;1134;1413;1073;1255;1279;3759;1252;1841;;;6449;6507;6322;1134;1255;1424;867;1073;1279;305;6449;6507;6322;1134;1255;1424;867;1073;1279;305;6449;6322;1134;1255;1073;6507;305;1279;1413;6459;5873;16;6507;1252;5460;305;1073;1424;1255;1279;6459;5873;16;1413;5460;305;6459;5873;16;1413;5460;305;6459;6507;5460;305;1073;6322;5873;16;6459;6507;305;1073;6322;5460;1424;6507;6459;6322;5460;1615;668;6459;6507;
17;1821;6434;2859;340;5761;3865;401;6254;7441;1575;2846;5378;7340;6415;5489;2950;6509;427;;;2859;6434;1821;3865;7441;6254;7340;2846;401;1575;2859;6434;1821;3865;7441;6254;7340;2846;401;1575;2859;1821;6434;7441;7340;6254;3865;1575;5378;3865;340;5761;6509;2950;7441;5489;6254;7340;6415;1575;3865;340;5761;5378;7441;5489;3865;340;5761;5378;7441;5489;6434;2859;340;5761;3865;1821;7441;;6434;2859;5761;3865;1821;340;1821;6434;;3865;6254;5872;1044;6434;1821;
18;6095;6448;955;6688;408;5619;1069;1327;300;8172;2697;717;834;3333;6001;6027;7071;2722;;;955;7071;5619;1327;408;834;6448;1069;6095;300;955;7071;5619;1327;408;834;6448;1069;6095;300;1069;1327;955;408;6448;5619;6095;300;717;5619;6688;408;1069;6027;3333;300;;;;;717;6688;408;1069;3333;300;717;6688;408;1069;3333;300;1069;1327;3333;408;6448;955;6688;300;6448;955;408;1069;1327;300;955;1327;5619;6448;1069;738;0;955;1327;
19;887;8186;5857;7607;1587;6082;6249;2527;6335;1260;513;472;5864;5714;5445;5909;2766;1333;;;5857;8186;6082;7607;513;5864;887;6249;6335;2527;5857;8186;6082;7607;513;5864;887;6249;6335;2527;8186;887;6082;7607;6249;2527;2766;1260;8186;6249;7607;1260;5864;472;;1587;1333;2766;5714;5445;472;7607;1260;1333;;1587;472;7607;1260;1333;;1587;8186;2527;1587;1260;472;887;7607;5714;8186;887;1260;6082;472;1587;887;;2527;513;5864;933;3101;887;8186;
20;6565;5876;6466;6273;1152;473;6193;1102;5591;5905;819;1766;849;7614;5440;794;2843;1448;;;6565;5876;6466;5591;5905;473;6193;1448;6273;1152;6565;5876;6466;5591;5905;473;6193;1448;6273;1152;5876;6565;5591;5905;473;6466;6273;1152;5876;6565;5591;1152;849;473;7614;5440;1766;819;6273;5905;5876;5591;1152;849;7614;5440;5876;5591;1152;849;7614;5440;5876;6565;5591;5905;473;6466;6273;1152;6565;5876;1152;1766;6466;5905;5876;794;1448;6565;6466;;1247;5876;6565;
21;1375;1656;1149;8185;5882;2053;6166;5432;5672;6420;469;5420;5898;1087;5584;;2048;961;;;1375;6166;5432;6420;5584;2053;2048;1149;961;8185;1375;6166;5432;6420;5584;2053;2048;1149;961;8185;6166;1375;2048;6420;5432;2053;1149;5584;1149;469;5672;5882;5420;1656;8185;1087;1375;5898;5584;6420;469;1087;5882;1149;5672;6420;469;1087;5882;1149;5672;6420;1375;1149;8185;5882;6166;1656;5672;6420;1375;1149;5882;6166;1656;6420;1149;1656;1375;6166;961;1658;540;1656;1375;
23;1403;2959;5868;5509;1350;5912;6345;3372;6551;6236;5870;1900;6444;5465;2019;2078;1867;6471;;;5912;2959;5868;1403;1350;5870;6345;3372;1900;6236;5912;2959;5868;1403;1350;5870;6345;3372;1900;6236;1403;2959;5912;1350;6444;1867;1900;6236;2959;6444;6551;5509;1867;6471;5465;2019;;;;;6345;6551;5509;6444;5465;2019;6345;6551;5509;6444;5465;2019;1403;2959;5912;1350;6444;1867;1900;6236;1403;2959;1350;6444;1867;6236;1403;5912;2959;1900;5868;5944;6515;;2959;
24;5652;1040;928;2013;6436;966;3120;1930;1832;6456;5538;6130;1816;6104;30;662;5669;1883;;;5652;3120;1040;1816;6456;966;6130;928;1930;6436;5652;3120;1040;1930;6456;966;6130;928;1816;6436;3120;1040;5652;6456;928;966;1930;6436;1816;1883;2013;30;6130;5669;6104;6436;662;928;1832;6456;1816;2013;30;6130;6104;6436;1816;2013;30;6130;6104;6436;1040;928;5652;6436;3120;1930;966;6456;1040;5652;6436;3120;1930;6456;1040;1930;5652;1883;966;567;1828;1040;3120;
25;6329;6011;6451;6279;5785;519;5736;1590;5356;6253;1761;5713;8173;1745;885;868;1752;5579;;;519;6011;1590;8173;6279;5736;5713;6451;5356;1745;519;6011;1590;8173;6279;5736;5713;6451;5356;1745;1590;6011;8173;6279;6451;5713;5736;5356;6451;6329;5356;5785;5736;5579;6279;885;1752;519;1745;6253;6329;5356;5785;6451;6279;885;6329;5356;5785;6451;6279;885;6451;6011;6279;5785;1590;5736;5356;6253;6451;6011;6279;1590;5736;5356;6011;1752;1761;5713;6329;762;150;6011;8173;
26;6100;6401;2825;5664;2860;803;6733;6093;5871;215;3440;6757;1083;1572;1101;5917;1525;5444;;;6100;6401;6093;5664;2825;803;3440;6757;5871;2860;6100;6401;6093;5664;2825;803;3440;6757;5871;2860;6093;6401;3440;5871;2825;6100;1083;1572;1525;5917;2860;5664;6401;6093;5871;215;3440;5444;1572;1101;5444;1101;2860;5917;1572;5871;5444;1101;2860;5917;1572;5871;6401;6093;1101;5871;5917;3440;1572;2860;6401;6093;5871;5917;3440;2860;3440;6100;6401;6757;1083;2062;830;6093;6401;
27;7067;5473;6457;1566;6501;361;1103;1100;1912;1156;2091;6381;5877;2887;315;6590;801;5779;;;7067;5473;1103;1566;6457;361;6381;1100;1912;2887;7067;5473;1103;1566;6457;361;6381;1100;1912;2887;5473;1103;1566;6501;6457;6381;1156;315;801;1100;6501;1156;5877;2091;1912;315;5779;6590;1566;2887;801;6501;1156;1100;1912;315;801;6501;1156;1100;1912;315;5473;1103;1566;6501;6457;6381;1156;315;5473;;1566;6457;6381;1156;6457;5473;;7067;361;536;1222;6457;1100;
28;1113;6119;6013;5484;1865;7609;6426;5860;7066;6247;7617;6088;6437;6438;5748;1684;318;1120;;;7609;6119;6013;6088;5484;5860;6426;7617;1113;7066;6119;6426;6013;5860;7066;1113;7609;7617;6088;5484;6426;6013;7066;6437;6119;5860;5484;1865;6119;6013;7066;1865;6426;6437;5484;6247;6088;318;6438;5748;6119;7066;6247;6013;5484;1865;6119;7066;6247;6013;5484;1865;6119;6013;7066;6247;6426;5860;5484;1865;6119;6013;7066;6426;5860;1865;6013;5860;7609;6119;7066;982;2075;6013;7609;
29;1404;1662;93;581;5789;5869;1976;758;6205;946;1024;1580;2003;1817;2035;6453;5549;1833;;;5869;1580;1662;581;93;1024;1976;1404;946;5789;5869;1580;1662;581;93;1024;1976;1404;946;5789;1976;1580;5869;946;1662;93;2003;2035;1580;1404;581;5789;2003;5869;2035;6205;1976;6453;1817;946;1580;581;5789;2003;2035;6205;1580;581;5789;2003;2035;6205;1404;1662;2035;946;1976;1580;1817;5789;1404;1662;946;1976;1580;5789;1976;1662;;5869;;3462;864;1662;1404;
30;1576;6433;728;5605;2045;6450;3107;5375;1472;790;2949;797;6048;2730;1866;6504;3633;2885;;;1576;6433;5375;6048;5605;2949;797;728;6450;790;1576;6433;5375;6048;5605;2949;797;728;6450;790;1576;6433;2949;5605;3633;5375;6450;790;6433;6504;2730;2045;3633;6450;1472;790;;2885;5605;1866;6433;2730;2045;3633;1472;790;6433;2730;2045;3633;1472;790;1576;6433;5375;5605;728;797;2949;790;1576;6433;790;728;797;5605;1576;5375;728;5605;6433;945;1664;6433;1576;
31;1553;771;1025;1173;5384;1106;6216;2020;553;5892;957;1877;3361;940;614;764;2014;1169;;;1025;771;1106;1553;1173;2020;957;3361;1169;5384;1025;771;1106;1553;1173;2020;957;3361;1169;5384;1025;771;1173;5384;1106;2020;940;5892;764;6216;1173;5892;1106;957;614;5384;2014;1877;940;553;6216;1173;5892;957;614;5384;6216;1173;5892;957;614;5384;1025;771;1173;5384;1106;2020;940;5892;1025;771;1173;1106;2020;5384;1553;1106;1025;771;1877;6493;2965;1106;1025;
32;1904;2128;739;1921;2077;1886;2682;3256;731;1908;3098;5904;1059;2113;6566;6521;2836;1914;;;1904;2128;739;3256;731;1886;2682;1059;2836;2077;1904;2128;739;3256;731;1886;2682;1059;2836;2077;3256;739;2128;731;1059;1904;2682;2077;1914;5904;2113;2077;6521;3098;1921;6566;3256;739;731;1908;5904;2113;2077;1914;1921;6566;5904;2113;2077;1914;1921;6566;3256;739;1921;2077;1059;2128;731;1908;3256;739;2077;1059;2128;1921;1886;739;5904;2128;3256;2746;3251;739;2128;
33;1948;1407;;1901;1990;3836;696;2111;1958;1526;3806;903;3247;963;5401;1479;1864;6537;;;3806;1407;;1990;1901;1948;696;3247;1526;1958;3806;1407;;1901;1990;1948;696;3247;1526;1958;;1407;1990;1901;3247;696;1479;1526;903;1864;1958;5401;2111;6537;963;1990;1948;3836;1901;1526;903;1958;5401;1864;963;1990;903;1958;5401;1864;963;1990;;1407;1901;1990;903;696;1958;1526;;1407;1901;903;696;1990;1407;2111;903;696;3806;3066;1155;1407;;
34;3818;1261;3893;1934;1861;2031;6481;1839;2066;3258;6562;5910;2049;5729;1779;765;1906;1686;;;3818;6481;3893;1861;5729;6562;1906;1839;5910;1934;3818;6481;3893;1861;5729;6562;1906;1839;5910;1934;3893;6481;1906;1861;3818;1839;5910;5729;5910;1261;1934;1779;2031;2049;2066;3258;1686;6562;5729;1861;1261;1934;1779;5910;2066;3258;1261;1934;1779;5910;2066;3258;6481;1261;1934;1861;5910;3893;2066;3258;6481;1261;1861;5910;3893;1934;1261;6481;6562;2049;1861;6545;1919;1261;6481;
36;947;1699;6519;1755;6506;664;5936;1573;6127;5926;2877;687;5566;1347;6554;2736;2079;3260;;;947;3260;6519;2736;1347;2877;1699;1573;5936;6506;947;2736;6519;3260;1347;2877;1699;1573;6506;5926;2736;947;3260;1347;1699;6519;5936;6506;687;664;1755;6554;1699;6519;6127;6506;1573;5936;1347;5926;664;1755;6554;687;6127;6506;664;1755;6554;687;6127;6506;1699;6519;1755;6506;664;947;6127;5926;1699;6519;6506;664;947;5926;1699;687;1347;6519;947;1893;704;1699;5936;
37;6825;6363;1062;1843;8177;2124;1762;1812;6963;5646;3696;2862;1704;2472;5828;2884;2888;1491;;;6825;1762;1062;5646;8177;3696;1704;1491;1812;2472;6825;1762;1062;5646;8177;3696;1491;1704;2472;1843;1062;6825;1491;5646;1762;1704;2472;8177;2888;2124;1843;5828;2862;1812;6963;8177;6363;3696;2472;5646;2124;1843;5828;2862;6963;8177;2124;1843;5828;2888;6963;8177;1812;6825;1843;8177;1062;1704;6963;5646;1812;6825;8177;1704;1062;5646;1062;6825;1812;3696;1762;3109;2499;6825;6363;
38;1048;1383;872;1776;110;1353;1165;3630;752;25;2893;3289;2125;5518;1409;3202;2772;3177;;;872;2772;3177;1409;25;1353;1383;1048;1165;752;872;2772;3177;1409;25;1353;1383;1048;1165;752;3177;2772;1383;1409;1165;872;1048;25;3289;2893;1776;110;872;1383;5518;25;3630;1165;752;1409;3289;1776;110;2893;5518;25;3289;1776;110;2893;5518;25;1165;1383;1776;110;3289;872;752;25;1165;1383;1776;3289;872;110;1048;1383;3177;3289;872;613;1955;1383;872;
40;838;5943;3674;2103;5946;2535;1408;5656;1847;5765;1722;1298;1860;6500;1925;;1492;162;;;838;1408;5656;5765;1925;1722;1298;1860;2103;5946;838;1408;5656;5765;1925;1722;1298;1860;2103;5946;5656;838;1925;5765;1298;1408;1722;2103;5943;3674;6500;5946;838;2535;1847;5765;1298;5656;2103;1925;3674;6500;5946;5943;1847;5765;3674;6500;5946;5943;1847;5765;838;5943;2103;5946;2535;3674;1847;5765;3674;5943;5946;2535;838;5765;3674;1408;1722;1492;5943;1294;5923;5943;3674;
41;3810;1209;6780;5921;1819;143;2775;2094;4743;1512;877;5670;6502;3044;7073;5918;1917;5731;;;1209;5670;6780;2094;5921;143;2775;6502;1512;4743;1209;5670;6780;2094;5921;143;2775;6502;1512;4743;2094;6780;5670;5921;2775;1209;143;1512;3810;1209;3044;1819;2775;877;4743;7073;143;6502;5921;1512;1209;3044;1819;3810;4743;7073;1209;3044;1819;3810;4743;7073;3810;1209;5921;1819;6780;2775;4743;1512;3810;1209;1819;6780;2775;5921;2775;5670;1917;6780;2094;3894;283;3810;2775;
43;2109;941;5525;1458;3782;1086;5784;870;6285;754;3889;221;1789;852;2928;1399;3763;1490;;;2109;1789;870;1086;3782;3889;941;5525;2928;1458;2109;1789;870;1086;3782;3889;941;5525;2928;1458;1086;2109;870;3782;5525;1789;1458;2928;3889;5525;6285;754;1490;941;852;1458;3763;1399;2928;3782;5525;6285;754;3889;852;1458;5525;6285;754;3889;852;1458;1086;2109;1458;3782;870;5525;6285;754;1086;2109;1458;870;5525;3782;2109;870;1789;5525;941;1433;5949;941;2109;
44;7;5534;720;2068;705;714;3418;2032;1657;2043;676;357;192;517;612;1047;1310;788;;;676;7;720;2068;2043;1047;5534;788;714;1657;676;7;720;2068;2043;1047;5534;788;714;1657;676;720;2043;2068;788;1047;7;1657;7;357;517;705;2032;714;612;2043;192;3418;1657;2068;357;517;705;7;612;2043;357;517;705;7;612;2043;714;7;2068;705;676;720;1657;2043;714;7;2068;676;720;1657;714;676;2032;2043;1047;3318;8;7;714;
45;6021;6442;1879;;6264;5967;6811;6107;6245;5459;6028;6776;6424;1882;1757;3274;6920;3766;;;6021;3274;6107;1882;1757;5967;6442;1879;6245;6264;6021;3274;6107;1882;1757;5967;6442;1879;6245;6264;3274;6107;1757;1882;1879;6021;6264;6245;1879;6021;;5459;6811;6442;6245;6264;5967;6776;1882;1757;6021;;5459;1879;6245;6264;6021;;5459;1879;6245;6264;6442;6021;6245;6264;6811;1879;;5459;6442;6021;;6811;1879;6245;6442;6021;3274;1879;6107;2664;1371;6442;6107;
47;1256;3411;2718;1465;3473;5601;2899;2726;1031;1997;6252;6429;5446;7007;5557;6400;6118;5389;;;1256;3411;2718;3473;5557;6118;2899;2726;5446;1031;1256;3411;2718;3473;5557;6118;2899;2726;5446;1031;1256;3411;2718;3473;2726;2899;5446;5557;6252;6400;7007;1997;6118;2899;1465;3473;1256;3411;1031;5557;6400;7007;1465;6252;1031;1997;6400;7007;1465;6252;1031;1997;1256;3411;1465;3473;2899;2718;1031;1997;1256;3411;3473;2899;2718;1465;1256;6429;3411;2718;1465;2809;5740;3411;6400;
48;3311;1827;6548;2875;5485;6536;3324;1650;;2050;112;6204;1982;5369;768;774;3307;467;;;112;1827;1650;2875;;6536;6204;1982;5369;2050;112;1827;1650;2875;;6536;6204;1982;5369;2050;6204;1827;;2875;1650;112;2050;5369;6548;3311;768;5485;774;3324;2875;2050;3307;467;;5369;3311;768;5485;6548;2875;2050;3311;768;5485;6548;2875;2050;774;1827;2875;5485;3311;3324;;2050;774;1827;5485;3311;3324;2875;3307;3324;112;1827;5369;3220;1547;3324;1827;
50;1235;1718;1765;5953;3105;876;2777;3809;5824;6717;980;1937;1395;234;3233;934;6759;1230;;;876;1718;1395;980;234;1230;2777;3809;3233;5953;876;1718;1395;980;234;1230;2777;3809;3233;5953;1718;876;980;234;3809;1395;1230;3233;6759;1765;5824;6717;2777;1235;5953;3105;934;1937;234;3233;1765;5824;6717;6759;5953;3105;1765;5824;6717;6759;5953;3105;876;1235;5953;3105;2777;1718;5824;6717;876;1235;5953;2777;1718;3105;876;1235;1937;980;1718;2896;1021;876;2777;
53;2038;1096;419;3486;954;3441;1494;1239;6913;5886;1647;1538;1376;2565;2895;5852;6463;3134;;;1647;1096;419;3486;6913;2038;1538;3134;5886;954;1647;1096;419;3486;6913;2038;1538;3134;5886;954;1647;1096;1538;3486;419;2038;3134;6913;2038;419;2565;954;3441;1239;5886;2895;1494;3134;3486;6913;2038;2565;954;419;5886;2895;2038;2565;954;419;5886;2895;419;2038;3486;954;3441;1239;6913;5886;419;2038;954;3441;1239;5886;419;1096;1239;3441;1494;3273;1242;1096;419;
54;5893;5897;2044;1942;3172;5840;866;3731;350;836;1201;1854;2725;3248;671;1961;510;1612;;;5840;5897;2725;1854;3248;1201;866;2044;5893;3172;5840;5897;2725;1854;3248;1201;866;2044;5893;3172;5840;5897;1854;3248;2725;1201;2044;3172;2044;5893;1942;836;866;510;350;671;3731;1612;3248;3172;5893;1942;836;2044;350;671;5893;1942;836;2044;350;671;5897;2044;1942;3172;5840;5893;350;836;5897;2044;1942;5840;5893;350;2044;1854;5893;1961;2725;6527;124;2044;5897;
55;2764;2025;5916;2841;5490;736;2873;1715;6497;1702;1953;6370;5364;1981;6483;3637;2869;5798;;;2764;2869;1715;2025;5490;736;2873;5364;1953;6497;2764;2869;1715;2025;5490;736;2873;5364;1953;2841;1715;2869;2025;5490;1953;5364;2764;2841;6370;5916;6497;5490;2873;3637;6483;1702;1715;2025;1981;2841;6370;6497;5490;5916;6483;1702;6370;6497;5490;5916;6483;1702;1715;5916;6497;5490;2873;2025;2841;1702;1715;5916;5490;2873;2025;6497;5364;1715;736;6370;2764;3319;1737;2025;1953;
56;6487;2734;2102;5686;446;1343;3219;1661;1537;262;6317;5510;2886;5612;5463;;6884;;;;1343;3219;2102;2734;5463;6317;5510;1661;2886;446;1343;3219;2102;2734;5463;6317;5510;1661;2886;446;3219;2102;1343;5463;1661;2734;5510;446;6487;2734;1537;262;5510;1661;5686;446;6884;2886;5612;5463;6487;1537;262;2734;5686;446;6487;1537;262;2734;5686;446;2102;2734;5686;446;1661;3219;1537;262;2102;2734;446;1661;3219;5686;6317;2102;5612;3219;5510;2115;167;2734;3219;
57;2856;5880;1774;5827;7050;2848;5674;3446;2070;6540;1910;3892;5767;3634;5932;5990;5699;2954;;;2856;3892;1774;2070;3634;5880;5699;5767;5990;7050;2856;3892;1774;2070;3634;5880;5990;5767;5699;7050;2856;3892;1774;2070;5699;5767;5990;3634;3446;5880;5827;6540;5674;3892;3634;5932;2856;1774;2070;7050;3446;5827;6540;5880;3634;5932;3446;5827;6540;5880;3634;5932;5674;5880;5827;7050;2856;3892;2070;6540;5674;5880;5827;1774;3892;7050;5880;5990;5767;2954;1774;3756;6985;5880;5674;
58;5499;6109;3399;6299;2874;3891;2964;2847;3884;5599;6114;5983;6836;3127;5825;5928;3492;2728;;;3891;5499;3399;6109;3884;6114;2728;2847;2964;2874;5499;6109;3399;2728;3884;3891;2964;2847;6836;2874;6109;5499;2728;2874;2847;3399;2964;3884;3399;6109;6299;2874;2847;2964;3127;5599;3891;6836;3884;5825;6109;6299;2874;3399;3127;5599;6109;6299;2874;3399;3127;5599;5499;6109;6299;2874;2847;3399;3884;5599;3399;6109;6299;2847;5499;2874;6836;5499;5983;5928;3492;3395;2720;6109;2964;
59;5929;3250;3106;5769;6188;3116;207;5890;5546;5911;911;3150;775;1858;1426;6477;2073;5716;;;3116;3250;3106;5769;5546;5929;3150;5890;1858;6188;3116;3250;3106;5769;5546;5929;3150;5890;1858;6188;3250;3106;3116;5769;207;3150;1858;5546;5929;207;6188;1426;5890;3150;5769;5911;5716;2073;5546;1858;207;6188;1426;5929;5769;5911;207;6188;1426;5929;5769;5911;3106;3250;5769;6188;207;3150;5546;5911;3250;3106;6188;207;3150;5911;775;2073;3250;5929;6477;2756;4868;3150;3106;
60;74;3310;2867;5942;3292;3730;3291;5941;5914;3252;2134;3414;2938;3814;5924;1484;3334;3443;;;3730;3310;3334;2867;5942;2134;3291;5941;2938;3252;3730;3310;3334;5941;5942;2134;3291;2867;2938;3252;3334;3310;2867;5942;2938;5941;3730;3252;74;3291;5914;5924;3414;3443;3814;3292;2867;1484;5942;3252;74;5914;5924;3291;3814;3292;74;5914;5924;3291;3814;3292;2867;5941;5942;3292;2938;3310;5914;3252;5941;2867;5942;3310;2938;3292;3310;5941;2938;1484;3291;102;455;5941;2867;
62;3126;5927;2451;2067;1943;2117;3514;2054;2015;3820;1887;6533;6620;3822;1311;1602;1951;3287;;;1887;6533;2054;3287;2067;3126;3514;2451;2117;2015;1887;6533;2054;3287;2067;3126;3514;2451;2117;2015;2054;1887;3287;2067;3126;6533;2451;2015;3126;1602;1311;1943;2451;2117;2067;3820;6620;5927;2015;3822;1602;1311;1943;3126;2067;3820;1602;1311;1943;3126;2067;3820;1887;3126;2067;1943;2117;2451;2015;3820;1887;3126;2067;2117;2451;1943;1887;1602;6620;5927;3126;3656;863;1602;3126;
63;8743;6898;9419;6795;9423;6793;7311;7339;7241;7806;7315;8366;7790;7909;8118;7888;7918;7947;;;8743;6898;7339;6795;9423;6793;7311;9419;7909;7241;8743;6898;7339;6795;9423;6793;7311;9419;7909;7241;6898;8743;6793;6795;9419;7339;7909;9423;7311;9419;7241;9423;7339;6793;6795;7806;8743;7790;7909;8118;9419;7241;9423;7311;6795;7806;9419;7241;9423;7311;6795;7806;6898;8743;6795;9423;6793;9419;7241;7806;6898;8743;6795;6793;9419;9423;8743;6795;7339;9419;6898;8476;8474;8743;6898;
64;7396;6893;9066;7332;9451;8376;7870;7876;9434;9415;8421;9232;8390;8518;7789;9013;8389;9028;;;8376;6893;9066;7332;7789;7876;7870;8390;9434;9415;8376;6893;9066;7789;7332;7876;7870;8390;9434;9415;7870;6893;7789;7332;9232;8376;9415;9434;6893;7396;7332;9451;7870;9028;9434;9415;8376;9232;8518;7789;7396;7332;9451;6893;9434;9415;7396;7332;9451;6893;9434;9415;7870;6893;7332;9451;8376;7396;9434;9415;7870;6893;7332;8376;7396;9434;6893;7870;7876;7332;7789;7908;8404;6893;7332;
65;6822;8383;6800;9457;8709;9986;7835;9283;9965;7907;8365;9063;9281;8719;8396;9988;8716;7823;;;6822;8383;6800;9457;9965;9986;7835;9283;8719;8396;6822;8383;6800;9457;9965;9986;7835;9283;8719;8396;6800;6822;9965;9457;9283;8716;8396;8719;6822;6800;9457;8709;7823;8716;8396;7907;9283;8365;9965;8719;6800;9457;8709;6822;8396;7907;6800;9457;8709;6822;8396;7907;6800;6822;9457;8709;9283;8716;9965;7907;6800;6822;9457;9283;8716;9965;6822;6800;9457;7823;8383;7911;7942;6822;6800;
66;7261;9422;6895;6789;7784;9355;9956;9389;7945;7821;9959;7830;9957;9290;7595;7822;8362;9960;;;7261;9422;9389;6789;7945;9355;9956;6895;9957;7821;7261;9422;9389;6789;7945;9355;9956;6895;9957;7821;9422;7261;9389;6789;9355;9956;6895;7945;6895;7261;7945;7784;7822;9422;6789;7821;7830;9389;9290;7595;6895;7945;7784;7261;6789;7821;6895;7945;7784;7261;6789;7821;9422;7261;6789;7784;9389;6895;7945;7821;9422;7261;6789;9389;6895;7945;7261;9422;6895;6789;9389;7598;7840;7261;9422;
67;7393;8732;9317;7894;9399;7354;7953;7342;7925;7873;7326;8373;7867;8424;9057;7938;7800;8415;;;7354;7953;9317;9399;7894;7326;8732;7393;8373;7925;7354;7953;9317;8732;9399;7326;8373;7393;7894;7925;7953;9317;8732;9399;8373;7354;7326;7894;7938;7393;7925;9399;8732;8415;7894;7873;7342;9317;8424;9057;7938;7925;9399;7393;7894;7873;7938;7925;9399;7393;7894;7873;8732;9317;7894;9399;7953;7393;7925;7873;8732;9317;9399;7953;7393;7894;9317;8732;9399;7393;7894;6824;8992;9317;9399;
68;7300;8740;7345;7379;9405;9948;9371;7883;7312;7839;7874;8698;9947;7935;7324;9241;8477;8437;;;7300;8740;7345;7379;9405;7883;9371;9947;7312;7839;7300;8740;7345;9405;7379;7883;9371;9947;7312;7839;7300;8740;7379;9405;9947;7345;7883;7312;7345;9371;7324;7839;7883;9241;7935;9405;8740;7300;7312;7379;9371;7324;7839;7345;7935;9405;9371;7324;7839;7345;7935;9405;9371;8740;7379;9405;7300;7345;7312;7839;9371;8740;9405;7300;7345;7379;8740;7883;9405;9371;7345;6905;7816;8740;7883;
69;6849;8478;6820;9322;9352;7301;7857;9242;8359;7863;8980;9077;8976;8140;8425;9035;9064;8452;;;6849;8478;6820;7301;8359;8980;7857;8976;8140;9322;6849;8478;6820;7301;8359;8980;7857;8976;8140;9322;6849;6820;7301;8359;8976;8478;9322;8140;6849;6820;9322;9352;7301;9242;8359;7863;8478;8980;8140;8425;6820;9322;9352;6849;8359;7863;6820;9322;9352;6849;8359;7863;6849;6820;9322;9352;9242;7301;8359;7863;6849;6820;9322;9242;7301;9352;6820;6849;9322;7301;9352;6939;7864;6820;6849;
70;9416;7926;6766;7365;7336;7330;9411;9282;9402;9400;8440;7820;7886;7889;8495;8940;7805;9055;;;7330;7926;6766;7336;7365;9416;9411;9055;9400;7889;7330;7926;6766;7365;7336;9416;9411;9055;7889;9400;7926;6766;7330;7365;9416;9411;9400;7336;9416;7330;7365;7336;7926;6766;9402;9400;8440;9411;7889;8495;9416;7365;7336;7330;9402;9400;9416;7365;7336;7330;9402;9400;6766;9416;7365;7336;7330;7926;9402;9400;6766;9416;7365;7330;7926;7336;9416;7330;6766;7926;9402;7409;8367;9416;7926;
71;7900;6202;7364;7812;6755;7246;7270;9409;7581;7934;8444;8724;9397;9239;8710;8700;9000;7887;;;7246;6202;7364;6755;7812;7900;7270;9409;7887;7934;7246;6202;7364;9409;6755;7900;7270;7887;8724;7812;6202;7364;7246;6755;7887;9409;8724;7812;6202;7364;7812;7934;9409;7887;7581;8710;7900;9397;9239;6755;7364;7812;7934;6202;7581;8710;7364;7812;7934;6202;7581;8710;6202;7364;7812;6755;9397;9409;7581;7934;6202;7364;6755;9397;9409;7812;7364;6202;9409;6755;7900;6821;9347;7364;6202;
72;7913;6173;6750;6771;7333;7865;7275;7277;7334;8708;7923;9438;8449;7313;9020;9059;8908;8379;;;7913;6173;6750;7334;6771;7865;7275;7277;7923;7333;7913;6173;6750;7334;6771;7865;7275;7277;7923;7333;6750;6173;6771;7334;7277;7275;7923;7333;7275;6173;6771;7333;7277;9438;7334;8708;6750;7913;7313;9020;6173;6771;7333;7275;7334;8708;6173;6771;7333;7275;7334;8708;6750;6173;6771;7333;7277;7275;7334;8708;6750;6173;6771;7277;7275;7334;6173;7913;7277;6750;8449;8711;7849;6173;7275;
73;7369;8179;7788;7861;9256;8519;7803;9254;7854;9237;8522;8714;8964;9987;9228;8725;9233;8402;;;7369;8179;9254;7861;7854;8519;7803;7788;8714;9256;7369;8179;9254;7861;7854;8519;7803;7788;8714;9256;7369;8179;7803;7861;9233;8714;9256;7854;7369;8179;7854;9237;7788;8522;7861;9228;7803;8725;9987;9256;8179;7854;9237;7369;7861;9228;8179;7854;9237;7369;7861;9228;7369;8179;7861;9256;7803;8519;7854;9237;7369;8179;7861;7803;8519;7854;8179;7369;7854;8519;7861;9350;8429;8179;7369;
74;7817;7244;9393;6840;7893;7956;7372;9364;7399;9285;8510;7912;8399;8958;8996;7371;8393;7252;;;7956;7244;9364;7399;6840;7817;7912;9393;8399;7893;7956;7244;9364;6840;7399;7817;7912;9393;8399;7893;9364;7244;6840;7399;7912;7956;9393;7893;7252;8510;6840;9285;7817;9393;7399;7893;7372;7371;8958;8996;7252;6840;9285;8510;7399;7893;7252;6840;9285;8510;7399;7893;7817;7244;6840;7893;7372;9393;7399;9285;9393;7244;6840;9364;7817;7399;7244;9364;7399;8399;6840;7389;8442;7244;7399;
75;9394;6794;9426;7815;7891;7924;9403;7286;7794;8969;7937;7798;9412;9966;9005;8919;7933;7844;;;9394;6794;9426;9403;7794;7924;7933;7844;7798;7815;9394;6794;9426;9403;7794;7924;7933;7844;7798;7815;6794;9426;9403;7815;9394;7933;7844;7794;9412;7286;7794;7891;6794;9394;7815;9005;7844;7798;9966;8969;7286;7815;7891;9412;7794;9005;7286;7815;7891;9412;7794;9005;9403;6794;7794;7891;7286;9426;7815;8969;9403;6794;7794;7286;9426;7815;7286;9426;6794;7933;9403;7237;9060;6794;9403;
76;7291;7382;7256;9456;7338;7882;7862;7355;7842;9356;7884;7797;9390;7368;7390;7941;7881;7792;;;7291;7862;7355;9456;9356;7882;7382;7256;7338;7842;7291;7862;7355;9456;9356;7882;7382;7256;7338;7842;7355;7291;9356;9456;7256;7882;7862;7338;7291;7256;7368;7390;7792;7382;9456;7338;7884;9390;7842;9356;7256;7368;7390;7291;9456;7338;7256;7368;7390;7291;9456;7338;7256;7291;9456;7338;7355;7382;7842;9356;7256;7291;9456;7355;7382;7338;7291;9456;7882;7338;7884;8420;9034;7291;7256;
77;7350;6739;9324;7793;8706;8397;7304;7910;9284;9029;8455;7281;8501;9031;9990;8486;7804;9258;;;7350;6739;9324;7304;8706;8397;7281;7910;8501;7793;7350;6739;9324;7304;8706;8397;7281;7910;8501;7793;7350;6739;7304;8706;7910;9324;7281;7793;7804;6739;9284;8706;8486;7281;7793;9029;9324;7350;9031;9990;6739;9284;7793;7804;9029;8706;6739;9284;7793;7804;9029;8706;7350;6739;7793;8706;9324;7304;9284;9029;7350;6739;7793;9324;7304;8706;7304;6739;9324;7281;7910;8133;8939;6739;7304;
78;6806;6788;6882;7276;8459;9413;7787;7819;9455;9044;8419;9076;8507;8406;8707;8960;8934;8915;;;6806;6788;6882;7276;8406;9413;7787;7819;8419;9455;6806;6788;6882;7276;8406;9413;7787;7819;8419;9455;6882;6788;6806;7276;8419;9413;7787;8406;6882;6806;7276;8459;9413;7819;9455;8406;6788;8934;8707;9044;6806;7276;8459;6882;9455;9044;6806;7276;8459;6882;9455;9044;6788;6806;7276;8459;9413;6882;9455;8406;6788;6806;7276;9413;6882;9455;6882;6806;7276;9413;6788;9247;8499;6806;6788;
79;7272;7294;7314;6752;6831;7841;7813;7796;9392;9454;8715;8504;8412;8508;7386;8937;9019;9081;;;7272;7813;7314;6831;6752;7841;7294;7796;9392;9454;7272;7813;7314;6752;6831;7841;7294;7796;9392;9454;7841;7272;6831;6752;7813;7314;9454;9392;7272;7314;6752;9454;7796;8412;9392;7386;7841;7294;8508;6831;7314;6752;9454;7272;9392;7386;7314;6752;9454;7272;9392;7386;7272;7314;6752;6831;7796;7294;9392;9454;7272;7314;6752;7796;7294;6831;6752;7272;7314;6831;9454;7904;7596;7272;7314;
80;6864;7320;9401;7859;9396;6801;7239;7285;7848;7906;7394;6777;7782;7580;7783;7818;8401;9378;;;6864;6777;7782;7320;7859;6801;7239;9401;7394;9396;6864;6777;7782;7320;7859;6801;7239;9401;7394;9396;6864;6777;7320;7859;6801;7239;7782;9396;7320;6801;7848;7783;7239;6864;7580;9396;9401;8401;7859;7906;6801;7848;7783;6864;7580;9396;6801;7848;7783;6864;7580;9396;6864;7320;7859;9396;6801;7239;7848;7906;6864;7320;7859;6801;7239;9396;7320;6801;6777;9378;7239;8956;8991;7320;7239;
81;7265;6751;8741;9286;7353;7383;8385;7948;7919;8374;7940;8468;8483;9047;8978;7950;8975;8357;;;7265;6751;8741;7353;9286;7950;8385;8483;8468;8978;7265;6751;8741;7353;9286;7950;8385;8483;8468;8978;6751;8741;7265;7353;8468;8385;8483;9286;6751;8741;9286;8374;7948;7265;9047;7353;8385;7383;7919;8978;8741;9286;8374;6751;9047;7353;8741;9286;8374;6751;9047;7353;8741;6751;9286;7353;8385;7265;7919;8374;8741;6751;7353;8385;7265;9286;6751;8741;8385;7265;7383;9391;8450;6751;8741;
82;8398;9453;7944;8497;7397;7786;6841;9436;8159;7593;8409;9450;8351;8394;8464;8372;8923;7408;;;8398;9453;7944;8497;7593;7786;9450;9436;6841;7397;8398;9453;7944;8497;7593;7786;9450;9436;6841;7397;9450;9453;7593;8497;8398;7944;6841;7397;6841;7944;8159;7397;7408;9453;8497;7593;9436;9450;8394;8464;6841;8159;7397;7944;8497;7593;6841;8159;7397;7944;8497;7593;6841;9453;8497;7397;7944;9450;8159;7593;6841;9453;8497;7944;9450;7397;7944;9453;8398;8497;6841;7271;8511;9453;9450;
83;7347;6744;7279;7259;7242;7352;9445;7898;7843;7852;9437;9231;7845;7296;7307;8432;8484;8471;;;7347;6744;7279;7259;7242;7352;9445;7898;7307;7852;7347;6744;7279;7259;7242;7352;9445;7898;7307;7852;7279;7347;7242;7259;7352;6744;7852;7307;6744;7352;7843;7242;9437;7898;7296;7852;7279;7347;7259;7307;6744;7843;7242;7352;7296;7852;6744;7843;7242;9437;7296;7852;6744;7347;7259;7242;7279;7352;7843;7852;6744;7347;7242;7279;7352;7852;7898;7852;7352;7242;6744;7269;9292;7347;6744;
84;7838;7268;9314;9244;7915;9235;9452;6765;9230;8431;9238;8465;7282;8712;8411;9240;9289;7405;;;7838;7268;9314;6765;9244;9235;9452;7282;8465;7915;7838;7268;9314;9452;9244;9235;8465;6765;7282;7915;9314;7268;6765;9244;7838;9452;7282;7915;7838;9314;9230;7915;6765;7405;8712;8431;9235;7268;9244;8411;7838;9230;7915;9314;8712;8431;7838;9230;7915;9314;8712;8431;6765;9314;9244;7915;7838;7268;9230;8431;6765;9314;7915;7838;7268;9244;7268;9452;9314;6765;7838;7855;9004;9314;9452;
85;9334;7207;6703;7092;6597;8315;;7690;7153;7176;7213;8845;7661;7161;8137;;7190;8256;;;9334;6703;7661;6597;7176;8315;7207;7690;7153;7092;9334;6703;7661;6597;7176;8315;7207;7690;7153;7092;7207;6703;9334;6597;7213;8315;7153;7176;8256;7207;7092;8137;9334;6703;7153;6597;7213;8315;7176;7161;7207;7092;8137;8256;7153;7161;7207;7092;8137;8256;7153;7161;6703;7207;7092;6597;8315;9334;7153;7176;6703;7207;6597;8315;9334;7092;9334;7207;6597;6703;7176;7142;9353;7207;9334;
86;9382;6705;6607;7158;8696;9381;7701;9337;8153;8264;8229;7649;7647;9303;8829;8876;7629;7128;;;9381;7701;6607;9382;8153;8229;6705;7128;9337;7158;9381;7701;6607;9382;8153;8229;6705;7128;9337;7158;9381;6607;9382;8153;7701;7128;6705;7158;6705;9337;7158;8696;9382;7647;8264;8153;7629;7701;9303;8829;6705;7158;8696;9337;8264;8153;6705;7158;8696;9337;8264;8153;9382;6607;7158;8696;9337;6705;8153;8264;9382;6607;7158;9337;6705;8153;6607;9382;6705;7647;9381;8322;7630;6607;6705;
87;7169;7655;7697;6600;6629;7651;7738;9368;7602;8195;8321;8288;7136;8727;8155;7720;8318;8839;;;7651;7655;7720;6629;6600;7738;8288;8318;8195;8727;7651;7655;7720;6629;6600;7738;8288;8318;8727;8195;7651;7655;6600;6629;7169;7738;8727;8195;7169;7136;7602;8155;9368;7697;6600;6629;7651;8839;8727;8195;7136;7602;8155;7169;6600;6629;7136;7602;8155;7169;6600;6629;7697;7169;6600;6629;9368;7655;7602;8195;7697;7169;6629;9368;7655;6600;6629;9368;7169;7655;6600;6687;7628;7169;6629;
88;6662;7216;9435;9950;6621;7140;7682;6720;9293;8723;8242;8204;8302;9992;8304;8227;8296;8257;;;7140;6720;9435;6621;9950;7682;7216;8302;6662;9293;7140;6720;9435;6621;9950;7682;7216;8302;6662;9293;6720;9435;7140;6621;7216;7682;6662;9950;7216;9435;8304;6621;6720;6662;9293;8723;7682;7140;9992;9950;7216;8304;6621;9435;9293;8723;7216;8304;6621;9435;9293;8723;9435;7216;9950;6621;6662;6720;9293;8723;9435;7216;6621;6662;6720;8723;6720;7140;7216;9435;6621;8165;9944;9435;6621;
89;7105;6728;9340;9377;8673;9383;7653;7708;8156;8218;7774;8313;7660;9288;8248;7230;8300;7772;;;7105;6728;9340;9383;9377;7774;7653;7708;7660;8673;7105;6728;9340;9383;9377;7774;7653;7708;7660;8673;7105;9340;6728;9377;7708;9383;7774;8673;7105;9383;8156;8673;7772;7230;9377;8218;9340;6728;9288;8248;7105;8156;8673;9383;9377;8218;7105;8156;8673;9383;9377;8218;9340;7105;9377;8673;6728;9383;8156;8218;9340;7105;9377;6728;9383;8673;9383;6728;7708;7105;9340;7716;9226;7105;9383;
90;9345;6666;7223;7685;7757;7137;7130;9385;8675;8282;7744;7106;6641;7676;8833;8747;8217;8806;;;7137;6666;7223;9385;7757;7744;7130;6641;8217;7676;7137;6666;7223;9385;7757;7744;7130;6641;8217;7676;6666;7223;9385;7757;7137;7130;6641;7676;7106;9345;7685;7757;7137;9385;8675;7676;7223;6641;8833;8282;9345;7685;7757;7106;8675;7676;9345;7685;7757;7106;8675;7676;6666;7223;7685;7757;7137;9385;8675;8282;6666;7223;7757;7137;9385;7685;7744;7137;6641;6666;7223;9984;8794;7223;6641;
91;7077;8744;6677;7204;7082;7645;7112;7208;7119;7162;8303;7773;7678;8306;7764;8329;8298;8260;;;7077;8744;6677;7082;7204;7645;8298;7208;7162;7764;7077;8744;6677;7082;7204;7645;8298;7208;7162;7764;6677;8744;7204;7082;7077;7208;7645;7119;7773;7077;7119;7162;7112;8744;7204;7082;7645;6677;8306;7764;7077;7119;7162;7773;7204;7082;7077;7119;7162;7773;7204;7082;6677;8744;7204;7082;7208;7077;7119;7162;6677;8744;7082;7208;7077;7162;7077;7208;8744;7645;6677;9274;8768;8744;7077;
92;9316;6574;9374;8197;7702;7640;9417;7625;8904;8800;7693;7643;7684;8779;8850;8235;8196;7752;;;7640;9417;9374;6574;7702;7693;7643;9316;7625;8197;7640;9417;9374;6574;7702;7693;7643;9316;7625;8197;9417;9374;6574;7702;7640;9316;7643;8197;9316;6574;8779;8800;9374;7643;8197;8850;7625;9417;8904;7702;6574;8779;8800;9316;8197;8850;6574;8779;8800;9316;8197;8850;9374;6574;8197;7702;9417;9316;8904;8800;9374;6574;7702;9417;9316;8197;9417;7693;9316;6574;9374;9379;8869;9316;9417;
93;6587;7165;8207;8667;7074;7217;9448;8301;8680;8900;8265;8276;7672;9982;9980;8344;8232;8214;;;6587;7165;8301;7074;8900;7217;8276;8207;9448;9980;6587;7165;8301;7074;8900;7217;8276;8207;9448;9980;7165;6587;7217;7074;8301;8276;9448;8900;7165;6587;8667;7074;8344;8232;9982;8900;8214;9448;8680;9980;6587;8667;7074;7165;9982;8900;6587;8667;7074;7165;9982;8900;7165;6587;8667;7074;9448;7217;8680;8900;7165;6587;7074;9448;7217;8667;7165;6587;9448;7074;7217;9273;8320;6587;7165;
94;8735;7707;7179;6595;7151;7135;9407;6639;9433;7212;8283;7769;8208;7718;8682;7680;8763;8340;;;8735;7707;6639;7135;7151;8208;9407;7179;7212;6595;8735;7707;6639;7135;7151;8208;9407;7179;7212;6595;7135;8735;6639;7151;7707;7179;6595;7212;9407;7179;9433;7151;6639;8735;6595;8682;7135;7707;7718;7212;9407;9433;7718;7179;6595;7151;9407;9433;7718;7179;6595;7151;7135;8735;6595;7151;6639;7179;9433;7212;7135;8735;6595;6639;7179;7151;8735;7179;7135;6639;6595;9287;8314;8735;7135;
95;7121;7099;7138;6644;6582;7209;7699;7691;7214;7665;7768;7723;7671;7669;7168;8281;7725;8795;;;7209;7099;7138;6582;6644;7121;7699;7691;7725;7669;7209;7099;7138;6582;6644;7121;7699;7691;7725;7669;7699;7099;7209;6582;7121;7725;7138;6644;7723;7121;7214;7665;7768;7209;6644;6582;7671;7099;7669;7168;7121;7214;7665;7723;6644;6582;7121;7214;7665;7723;6644;6582;7121;7099;6644;6582;7699;7209;7214;7665;7121;7099;6582;7699;7209;6644;7699;7099;7209;7121;7691;9279;9954;7099;7209;
96;7739;6588;6576;7192;7704;7221;9373;7102;9375;9276;8275;8234;7668;9955;8343;8233;8843;8335;;;7739;6588;6576;9373;7192;7221;8234;7102;7704;9375;7739;6588;6576;9373;7192;7221;8234;7102;7704;9375;6576;6588;9373;7192;8234;7739;7668;7704;6588;7221;7192;7704;8335;6576;9276;9955;9373;7739;9375;8343;7221;7192;7704;6588;9276;9955;7221;7192;7704;6588;9276;9955;6576;6588;7192;7704;7739;9373;9375;9276;6576;6588;7704;7739;9373;7192;6588;6576;7192;7221;9373;7735;8820;6588;6576;
97;7088;9306;9365;7705;7210;8270;7743;7692;7559;9369;7673;8192;8274;7586;7659;8790;8337;8326;;;7088;7743;9365;7210;9369;8274;9306;7692;8192;7705;7088;7743;9365;9306;7210;8274;8192;7692;9369;7705;7743;9365;9306;7210;7692;8192;7088;9369;9306;7088;7559;7210;9365;8274;7705;9369;7673;7743;7586;7659;9306;7559;7210;7088;7705;9369;9306;7559;7210;7088;7705;9369;9365;9306;7705;7210;7088;7743;7559;9369;9365;9306;7210;7088;7743;9369;7088;9306;7743;7210;9365;7654;7666;9306;7088;
98;9370;6724;7177;7681;8674;7154;7157;7679;8213;8699;7689;7626;7776;8293;8823;8198;7663;7674;;;9370;6724;7177;7679;7681;7689;7157;7776;7626;8213;9370;6724;7177;7679;7681;7689;7157;7776;7626;8213;6724;7177;7679;7681;7776;7157;7626;8213;7157;7154;7681;8674;7674;6724;8213;8699;7626;9370;8293;8823;7154;7681;8674;7157;8213;8699;7154;7681;8674;7157;8213;8699;7157;6724;7681;8674;7679;7177;8213;8699;7157;6724;7681;7679;7177;8213;6724;7177;7157;7776;7626;9367;6581;6724;7157;
99;7101;6702;7766;6614;7710;7107;6657;7683;8697;8772;7711;6591;7741;8718;8241;8346;9439;7712;;;7101;6702;7766;6591;6614;7107;6657;7683;9439;8697;7101;6702;7766;6591;6614;7107;6657;7683;9439;8697;6591;6702;7101;6614;6657;7766;9439;8697;6657;7766;6614;8772;6591;9439;7710;8241;7101;7712;8697;8718;7766;6614;7710;6657;8697;8772;7766;6614;7710;6657;8697;8772;6657;6702;6614;7710;9439;6591;8697;8718;6657;6702;6614;9439;6591;7710;6702;9439;6657;6591;7766;7078;9227;6702;9439;
100;9376;7123;9310;9380;6654;7730;8324;7076;8683;8230;7633;8333;8325;8771;8280;8266;8789;8814;;;9376;8324;9310;6654;9380;7633;7730;7076;7123;8230;9376;8324;9310;6654;9380;7633;7730;7076;7123;8230;9310;9376;8324;6654;7123;7730;7076;9380;9310;9376;8683;6654;8325;7123;9380;8230;7076;8324;8771;8280;9310;8683;9380;9376;8771;6654;9310;8683;9380;9376;8771;6654;9310;9376;9380;6654;7076;7123;8683;8230;9310;9376;6654;7076;7123;9380;9376;9310;6654;8324;7076;9275;7749;9310;6654;
101;6681;9414;6679;7167;7160;8190;7188;7203;7589;7144;7150;7777;7751;8338;8679;7623;7726;7696;;;6681;7188;6679;7160;7144;8190;7777;7203;9414;8679;6681;7188;6679;7160;7144;8190;7777;7203;9414;8679;6681;6679;7188;7160;9414;7777;8190;7144;9414;7150;7167;7144;7623;7726;7589;7160;7696;8190;8338;8679;9414;7167;7144;7150;7589;7160;9414;7167;7144;7150;7589;7160;6681;6679;7167;7160;8190;9414;7589;7144;6681;6679;7160;8190;9414;7144;6681;6679;9414;8190;7160;9981;9983;6679;6681;
102;7196;7193;7719;9969;7093;7670;7086;9395;8225;8243;7780;9443;7109;8309;9972;7656;8250;8287;;;7670;7086;7719;7193;7093;7196;9443;9395;7780;9969;7670;7086;7719;7193;7093;7196;9443;9395;7780;9969;7719;7086;7193;7093;7196;7670;7780;9969;7193;9395;9969;7093;7086;7196;8225;9972;7670;7719;8309;8243;7193;9969;7093;9395;8225;9972;7193;9969;7093;9395;8225;9972;7196;7193;9969;7093;7719;7086;8225;8243;7196;7193;7093;7719;7086;9969;7193;7196;7719;9443;7086;8745;8847;7193;7196;
103;7187;7191;7636;6631;6650;7195;7085;7641;6608;8164;7095;7621;7709;8226;8671;8345;7765;7734;;;7195;7085;7641;7191;6608;7095;7187;7636;6631;6650;7195;7191;7641;7085;6608;7095;7187;7636;6650;6631;7641;7195;7085;6608;7636;7191;6631;6650;7191;7187;6631;6650;7636;7085;6608;8671;7195;7709;8226;8164;7191;6631;6650;7187;6608;8671;7191;6631;6650;7187;6608;8671;7085;7191;6631;6650;7195;7187;6608;8164;7085;7191;6631;7195;7187;6608;7191;7187;7085;7195;7636;7211;7215;7191;7085;
104;9427;5975;7174;6619;6690;7727;6572;9346;7181;7084;7184;7771;7728;9388;8307;7622;8330;7677;;;9427;5975;9346;6619;6690;7184;7771;7174;7181;7084;9427;5975;9346;6690;6619;7184;7771;7174;7181;7084;5975;9427;9346;6690;7174;7184;7181;6619;5975;6572;9388;7084;7174;7727;7181;8307;9427;8330;6619;6690;6572;9388;7084;5975;7181;8307;6572;9388;7084;5975;7181;8307;9427;5975;6619;6690;6572;7174;7181;7084;9427;5975;6690;6572;7174;6619;5975;6572;9427;7174;6690;9967;9943;5975;9427;
105;7456;9319;7464;8619;9441;7545;8084;9330;9976;9091;8076;8600;9963;8599;9151;7974;9214;9302;;;7456;8084;7464;9319;9441;8076;8600;9330;7545;8619;7456;8084;7464;9319;9441;8076;8600;9330;7545;8619;7456;7464;8084;9441;9330;9319;8076;8619;9330;9319;8619;9441;7464;7545;9976;9091;8084;7456;8599;9151;9319;8619;9441;9330;9976;9091;9319;8619;9441;9330;9976;9091;7456;7464;8619;9441;9330;9319;9976;9091;7456;7464;9441;9330;9319;8619;7456;9330;7464;9319;8076;9313;8014;7464;7456;
106;9952;9951;6970;9349;9447;8058;7010;7410;8077;8678;8043;6947;7465;8541;9977;8026;9953;8611;;;9952;9951;6970;9447;9349;7010;9953;7465;6947;8077;9952;9951;6970;9447;9349;7010;9953;7465;6947;8077;9951;6970;9349;9447;7465;9953;7010;8077;6947;7010;9349;9447;6970;9952;8077;8678;9951;7410;8541;9977;7010;9349;9447;9952;8077;8678;7010;9349;9447;6947;8077;8678;7410;6970;9349;9447;7010;9951;8077;8678;7410;6970;9447;7010;9951;9349;6970;6947;9952;9951;7465;8031;8549;6970;9951;
107;7453;9351;8088;9432;7416;7522;8067;7458;7503;9357;8145;8665;8063;9962;9975;8543;8542;9168;;;8145;9351;8088;7416;9432;8543;8665;8063;7503;9962;8145;9351;8088;7416;9432;8543;8665;8063;9962;7503;8088;9351;9432;7416;8665;8145;9962;7503;8063;7458;9357;7416;9351;7453;9432;7503;7522;8088;9975;9962;7458;9357;7416;8063;9432;7503;7458;9357;7416;8063;9432;7503;7453;9351;9432;7416;7458;8088;7503;9357;8088;9351;7416;7458;7453;9432;9351;7416;7458;9432;7503;8109;8037;9351;9432;
108;7470;6928;7479;7421;9418;8012;7004;8054;9270;8690;8083;8074;9344;8618;8668;8602;7530;8097;;;7470;6928;7479;7421;9418;8083;7004;8054;8012;8690;7470;6928;7479;7421;9418;8083;7004;8054;8012;8690;7479;7470;6928;7421;8083;7004;8054;9418;8012;8054;7421;9418;7470;9344;9270;8690;6928;7479;8618;8668;8054;7421;9418;8012;9270;8690;8054;7421;9418;8012;9270;8690;7479;7470;7421;9418;7004;6928;9270;8690;7479;7470;7421;7004;6928;9418;7470;8012;7479;8054;7004;7993;8056;7470;7479;
109;8092;7553;7979;7540;7490;8093;7440;7962;9320;8035;7513;8030;8162;8649;8036;8011;8087;8657;;;8092;7440;7979;7540;9320;8093;8030;8162;7553;7490;8092;7440;7979;8030;7540;8093;7553;8162;9320;7490;8030;7440;7553;7540;8092;8087;7490;9320;8011;7553;9320;7490;8093;8092;7540;8035;7962;7979;8649;8036;7553;9320;7490;8011;7540;8035;7553;9320;7490;8011;7540;8035;8092;7553;7540;7490;8093;7440;9320;8035;8092;7553;7540;8093;7440;9320;7440;7553;7540;7490;8030;7538;8626;7553;8092;
110;7539;7036;7413;7542;8044;8028;7032;8091;8078;8613;9160;9358;7965;9106;9207;7967;9949;8068;;;7539;7036;7413;9949;7542;8028;9358;8068;7967;8078;7539;7036;7413;9358;7542;8028;9949;8068;7967;8078;7413;7036;7539;7542;9358;9949;7967;8078;7539;7032;7542;8044;8028;7036;8078;8613;8091;7413;9106;9207;7539;7542;8044;7032;8078;8613;7539;7542;8044;7032;8078;8613;7036;7539;7542;8044;8028;7413;8078;8613;7036;7539;7542;8028;7413;8078;7036;7413;7539;8028;7542;8701;9199;7539;7036;
111;8738;6951;9424;6917;8085;7518;9328;8001;8059;8580;8653;8008;7418;8704;8524;8634;8019;8530;;;8738;6951;9424;6917;8059;7518;9328;7418;8001;8580;8738;6951;9424;6917;8059;7518;9328;7418;8001;8580;6951;8738;9328;6917;7518;9424;8001;8059;7518;8738;6917;8085;9328;6951;8059;8524;9424;8001;8704;8580;7518;6917;8085;8738;8059;8524;7518;6917;8085;8738;8059;8524;6951;8738;6917;8085;7518;9328;8059;8580;6951;8738;6917;7518;9328;8085;6951;8738;7518;6917;9424;8529;9202;6951;8738;
112;8531;8737;7551;7002;9444;8616;7038;8010;9342;7976;8609;8070;7491;7960;7981;8630;9148;8666;;;7551;8737;8010;9444;9342;8616;7038;8666;7002;7981;7551;8737;8010;9444;9342;8616;7038;8666;7002;7981;7038;8737;9342;9444;8070;8010;8666;7002;7038;7491;7002;7976;8010;8737;9342;9444;8531;7551;7960;7981;7038;7002;7976;7491;9342;9444;7038;7002;7976;7491;9342;9444;7038;8737;7002;9444;8010;7551;9342;7976;7038;8737;9444;8010;7551;7002;7038;8737;7551;8070;9342;7466;8703;8737;7038;
113;7411;7015;8061;9336;9296;7980;7457;8007;9269;9264;7531;9323;8018;9216;9111;8622;8062;8631;;;7411;7015;8061;9323;9336;7980;7457;8018;8062;9269;7411;7015;8061;7457;9336;7980;9323;8018;8062;9269;9323;7015;7457;9336;8061;7411;7980;9269;8007;7015;9336;9296;8018;7531;9269;9264;7457;9323;9216;9111;7015;9336;9296;8007;9269;9264;7015;9336;9296;8007;9269;9264;7457;7015;9336;9296;7411;9323;9269;9264;7457;7015;9336;7411;9323;9269;7015;7457;8061;9323;8062;7512;9341;7015;8061;
114;6930;8733;8024;8528;7438;8055;7424;7990;8098;8536;7426;8144;8540;8694;9094;8017;9096;8606;;;8055;8733;8024;7424;7438;6930;8144;8606;7990;8694;8055;8733;8024;7424;7438;6930;8144;8606;7990;8694;8055;8733;8024;7438;8606;7424;7990;8694;8024;7424;8528;7438;7990;8733;8098;8536;8540;7426;8694;9094;7424;8528;7438;8024;8098;8536;7424;8528;7438;8024;8098;8536;7424;8733;8528;7438;6930;8024;8098;8536;7424;8733;7438;6930;8024;8528;8733;8055;7990;8024;7438;9361;9958;8733;8024;
115;9425;9404;7449;9315;8048;7507;8005;8003;8705;8537;7982;8539;9173;9191;8032;8588;8661;8633;;;9425;9404;8005;7449;9315;7507;8539;9173;8048;8537;9425;9404;8005;9315;8048;7507;8539;7449;9173;8537;9425;9404;8005;9315;8539;7449;9173;8048;8003;9425;9315;8048;7449;7507;8705;8537;7982;9404;8032;9191;9425;9315;8048;8003;8705;8537;9425;9315;8048;8003;8705;8537;9425;9404;9315;8048;8003;7449;8705;8537;9425;9404;9315;8003;7449;8048;9404;7449;8003;9425;7507;7461;9312;9425;9404;
116;7422;6957;7483;5802;7487;7492;6941;8086;7995;8089;9360;8534;7983;9299;9110;9222;8533;8594;;;7422;6941;7483;9360;8089;7492;6957;8594;5802;7487;7422;6941;7483;9360;8089;7492;6957;8594;5802;7487;9360;7422;6941;8089;6957;7483;7487;5802;7492;7422;5802;7487;9360;6957;7995;8089;7483;6941;9299;9110;7492;5802;7487;7422;7995;8089;7492;5802;7487;7422;7995;8089;6957;7422;5802;7487;9360;7492;7995;8089;6957;7422;5802;9360;7492;7487;7422;7492;6957;9360;5802;8108;8729;7422;7492;
117;7033;6948;7998;7478;9354;8046;7051;8060;8069;8073;7968;8567;8662;8051;7972;9093;9112;8589;;;7033;6948;7998;7051;7478;8046;8567;8060;9354;8051;7033;6948;7998;7051;7478;8046;8567;8060;8051;9354;7051;6948;7033;7478;8567;8046;8051;9354;7051;6948;7478;9354;8046;7033;8069;8073;8567;8060;7972;8051;6948;7478;9354;7051;8069;8073;6948;7478;9354;7051;8069;8073;7051;6948;7478;9354;8046;7033;8069;8073;7051;6948;7478;8046;7033;9354;6948;8046;7033;7478;7998;8658;9224;6948;7033;
118;9305;7018;9430;7419;9311;9343;7978;7488;9325;7585;7973;8526;9362;8049;8676;8623;8009;7547;;;9305;7018;9430;7419;9311;9343;7978;7488;9325;7585;9305;7018;9430;7419;9311;9343;7978;7488;9325;7585;9430;9305;7018;7419;7978;9343;9325;9311;9362;9343;9325;9311;9430;9305;7419;8676;7488;7018;8049;7585;9343;9325;9311;9362;7419;8676;9343;9325;9311;9362;7419;8676;9343;9305;7419;9311;7018;9430;9325;7585;9343;9305;9311;7018;9430;7419;9343;7973;7419;9305;9430;8629;9121;9305;9343;
119;8090;7414;9338;6919;8016;9183;8615;8525;7468;8034;9178;8656;8547;7958;8080;9084;9109;8655;;;8090;7414;9338;8016;6919;9183;8615;8525;7468;8034;8090;7414;9338;6919;8016;9183;8615;8525;7468;8034;7414;9338;6919;8016;8090;8525;8034;7468;8090;9338;6919;8080;8525;7414;7468;8016;8615;8547;7958;8034;8090;6919;8080;9338;7468;8016;8090;6919;8080;9338;7468;8016;7414;9338;6919;8016;8525;8090;7468;8034;7414;9338;6919;8525;8090;7468;9338;7414;8525;8547;6919;8717;8614;9338;8090;
120;7523;9329;6992;8742;7445;9366;7484;9335;7451;9431;7495;7459;8601;7548;9262;7984;7991;8095;;;7523;9329;9335;7451;7445;9366;7459;6992;8742;9431;7523;9329;9335;7451;7445;9366;7459;6992;8742;9431;7523;9329;7445;7451;9335;9366;9431;8742;7459;6992;8742;9431;9329;7484;7548;7445;9366;7523;7451;9262;6992;8742;9431;7459;7548;7445;6992;8742;9431;7459;7548;7445;9329;6992;8742;7445;7523;7484;7451;9431;9329;6992;7445;7523;7484;8742;6992;7445;9329;7459;9431;8057;8590;6992;9329;
121;8555;8023;7455;8002;8556;9268;8075;7514;7534;8693;9136;9117;8563;8647;8149;9200;9142;9092;;;8555;8075;7455;8002;8556;9268;8023;8563;7534;8693;8555;8075;7455;8002;8556;9268;8023;8563;7534;8693;8555;7455;8556;8002;8075;8563;8693;7534;8023;7455;8002;8149;8075;7514;7534;8556;9092;8555;8647;8693;7455;8002;8149;8023;7534;8556;7455;8002;8149;8023;7534;8556;7514;7455;8002;8556;8023;8555;7534;8693;7514;7455;8002;8023;8555;8556;7455;8555;7514;7534;8556;9339;7971;7455;8555;
122;7537;6983;7462;8546;7443;8029;9359;8646;8147;9300;7977;8593;8039;9259;9154;8584;9271;9297;;;8029;6983;7462;7537;8546;8584;8593;8646;8147;9259;8029;6983;7462;7537;8546;8584;8593;8646;8147;9259;8029;6983;7537;8546;8646;7462;8584;8147;9359;7537;8546;7443;7977;8029;8147;9300;6983;9297;9259;9154;9359;8546;7443;7537;8147;9300;9359;8546;7443;7537;8147;9300;6983;7537;8546;7443;7462;8029;8147;9300;6983;7537;7443;7462;8029;8546;7537;6983;9359;8646;7462;7966;8015;7537;6983;
123;5819;5772;5746;2814;2126;931;2065;1610;967;1915;1874;2034;;3268;3807;;2881;3774;;;5819;5772;1610;2065;967;1874;3774;;;2126;5819;5772;1610;2065;967;1874;;;3774;2126;5772;5819;2065;967;;3774;1874;2126;5746;931;3268;1915;5772;2034;2814;3807;2065;5819;967;2126;931;3268;1915;5746;2814;3807;931;3268;1915;5746;2814;3807;931;5819;2814;2126;5746;5772;967;1915;5819;931;2814;2065;5772;967;2065;5819;2881;1874;3774;526;1835;5819;1874;
124;8169;1859;1212;1415;8171;5486;9398;1627;8181;5933;1179;5533;1983;748;8730;3775;7026;3331;;;1983;1859;9398;8171;8169;5486;1627;1212;8730;1415;1983;1859;9398;8171;8169;5486;1627;1212;8730;1415;5486;1212;3331;1415;1983;7026;1859;8171;1627;;8181;748;;5533;;8730;5486;1212;8171;1415;;8730;748;1627;8181;1415;;8730;748;1627;8181;1415;;1212;8181;748;3331;7026;;1415;;1212;8181;5486;3331;748;1983;1859;1212;;9398;929;5810;;9398;
125;1464;516;509;5884;6469;5684;2739;1822;1563;66;1042;6652;6121;6484;6995;2685;2876;1911;;;1042;516;1911;2685;6484;5684;6652;1822;6469;66;1042;516;1911;2685;6484;5684;6652;1822;6469;66;1042;1911;516;6484;6652;2685;1822;6469;509;2876;1563;6469;1464;1822;5884;66;5684;6121;6484;6995;2876;1563;6469;509;5884;66;2876;1563;6469;509;5884;66;1822;509;5884;6469;6121;1464;1563;66;1822;509;6469;6121;1464;66;5684;1911;2739;6121;1042;1852;665;1911;5684;
126;6505;5997;6348;6735;6303;5368;5764;5561;6220;5447;6196;7260;5982;6732;6383;;6615;7042;;;6196;5997;5982;5764;6383;5368;6615;6348;5561;6303;6196;5997;5982;5764;6303;5368;6615;6348;5561;6383;5764;5997;5982;6383;6348;6196;5368;6303;6348;5368;6220;6303;5561;6505;6735;5447;7042;7260;6732;6383;6348;6220;6303;5561;6735;5447;6348;6220;6303;5368;6735;5447;5764;5997;6735;6303;5368;6348;6220;5447;5764;5997;6303;5368;6348;6735;6348;5982;5368;5764;5561;6495;6373;5997;6348;
127;6129;6298;;6156;5572;6311;6128;7068;5623;5407;6535;5756;3886;6593;6604;5703;5939;6529;;;6129;6298;7068;5623;5407;5703;5756;5939;6128;6593;6129;6298;7068;5623;5407;5703;5756;5939;6128;6593;5756;6298;7068;5623;5939;6129;6128;5407;6529;;6156;5572;3886;6535;6593;5407;6311;7068;5623;6604;6529;6156;5572;;6593;5407;6529;6156;5572;;6593;5407;7068;;6156;5572;6129;3886;5623;5407;7068;;6156;6129;3886;5623;6129;7068;;6298;5939;6539;6180;;6129;
128;5996;7069;5585;5973;5475;6714;5978;6213;5524;5641;6117;6014;6144;7090;5644;6186;5266;6325;;;6186;5978;6213;5266;5524;5996;7069;6144;5644;5973;6186;5978;6213;5266;5524;5996;7069;6144;5644;5973;5978;5266;5644;5524;6144;6213;6186;5973;6714;6117;5973;5475;7069;6325;5524;5641;5585;6014;5644;7090;6714;5973;5475;6117;5524;5641;6714;5973;5475;6117;5524;5641;7069;5266;5973;5475;5978;5585;5524;5641;7069;5266;5973;5978;5585;5475;5266;7069;6117;6144;5475;7302;6287;7069;5585;
129;6523;3221;3425;6926;5957;6089;6626;6174;6004;6091;6978;5763;7254;5600;6195;;;;;;6523;3221;3425;6174;5600;6089;6626;7254;5763;6091;6523;3221;3425;6626;5600;6089;7254;6174;5763;5957;6523;3221;3425;5600;6626;6174;7254;5957;3425;6523;6926;5957;6626;6174;6004;6091;7254;5763;5600;6195;6523;6926;5957;3425;6004;6091;6523;6926;5957;3425;6004;6091;3425;6523;6926;6091;6174;3221;6004;5957;3425;6523;5600;6174;3221;6091;3221;6523;6174;7254;3425;6198;6395;6523;3425;
130;6646;;6532;;2858;6474;6835;;5500;5594;5504;5689;5580;5439;5452;5622;5574;5677;;;6646;;;;5500;6474;5689;5580;5594;5439;6646;;;;5500;6474;5689;5580;6835;5594;5689;;5500;;5574;6835;;5594;6532;5504;5439;2858;5689;;;5452;5574;6835;5500;5594;5504;5439;2858;6532;;5452;5504;5439;2858;6532;;5452;5689;;;2858;6532;6835;5500;5594;6835;;;6532;5689;5500;;6474;;5580;6646;6813;7115;;5677;
131;3450;6721;5386;6586;7031;6017;6056;6005;5741;6764;6710;6851;6455;2662;8178;8180;6046;6944;;;3450;6721;5386;7031;6764;6017;6851;6005;5741;2662;3450;6721;5386;7031;6764;6017;6851;6005;5741;2662;3450;5386;6764;7031;6851;6721;6017;5741;6056;6005;6586;8178;5386;6455;5741;7031;6710;3450;2662;6764;6005;6586;8178;6056;5741;7031;6005;6586;8178;6056;5741;7031;3450;5386;6586;7031;6056;6005;5741;6764;3450;5386;7031;6721;6005;6764;6005;6455;6721;6056;6944;6753;6896;8180;6944;
132;5543;3423;5647;6552;6553;3811;6201;6492;3882;6556;5790;5809;6862;5514;7524;;6546;5379;;;5543;3423;6862;6201;7524;3811;5379;5647;6546;6553;5543;3423;6862;6201;7524;3811;5379;5647;6546;6553;6201;3423;5379;7524;3811;5543;6546;6553;6546;5809;6552;6556;5647;6492;5514;6553;3811;5790;3882;7524;5809;6552;6556;6546;5514;6553;5809;6552;6556;6546;5514;6553;3423;5809;6552;6553;6546;6201;3882;6556;5809;3423;6553;5379;6201;6556;6201;5379;5647;6546;3811;6491;5701;6546;5809;
133;6933;5991;6904;6058;6743;6986;6272;6389;6099;6925;5547;6541;6997;6955;6807;;6376;;;;6933;6376;6904;6986;6058;6997;5991;6272;6389;6925;6933;6376;6904;6986;6058;6997;5991;6272;6925;6099;6376;6933;6986;6058;5991;6997;6272;6925;5547;6541;6058;6743;6272;5991;6925;6807;6376;6933;6099;6955;6541;6058;6743;5547;6925;6807;6541;6058;6743;5547;6925;6807;6933;5991;6058;6743;6376;6272;6099;6925;6933;5991;6743;6376;6272;6058;6986;5991;5547;6933;6376;5668;6215;6986;6541;
134;5727;6169;5671;6211;6624;6942;6847;6911;5702;6991;6002;6842;6199;6475;2831;6054;6125;6362;;;5727;6842;5671;6211;5702;6002;6169;6911;6624;6475;5727;6842;5671;6211;5702;6942;6125;6169;6624;6475;5727;5671;5702;6211;6842;6169;6475;6624;6169;6847;6211;6991;5727;5671;5702;6624;6002;6842;6475;2831;6169;6211;6991;6847;5702;6624;6169;6211;6991;6847;5702;6624;6169;5671;6211;6624;6847;5727;5702;6991;6169;5671;6211;6847;5727;5702;5671;6475;6169;6362;6842;5820;7075;5671;6169;
135;6490;6074;6969;3157;3819;5365;5616;6674;5573;6157;5355;5397;5961;3249;3124;5803;3397;6768;;;6490;6074;6969;3397;3819;5355;5803;6768;5616;3157;6490;6074;6969;3397;3819;5355;5803;6768;5616;3157;6490;6074;6969;3819;6768;3397;5803;3157;5616;5397;3157;6157;6674;5961;3249;3124;6074;5365;5573;3819;5616;3157;6157;5397;3249;3124;5616;3157;6157;5397;3249;3124;6490;6074;3157;3819;5397;5616;5573;6157;6490;6074;6157;5397;5616;3819;5365;6969;5961;6490;6674;6092;6066;6674;6074;
136;5527;6711;5688;3691;6208;6962;5586;5571;7006;6894;6555;5705;6518;6872;5823;6684;6790;6693;;;6555;6711;5688;3691;7006;5527;5705;6518;6684;5823;6555;6711;5688;3691;7006;5527;5705;6518;6684;5823;5705;6711;7006;3691;6518;5688;6555;5823;5527;5586;6872;6208;5571;6962;7006;6894;5688;6790;3691;5823;5586;6872;6208;5527;7006;6894;5586;6872;6208;5527;7006;6894;5586;6711;3691;6208;6962;5527;7006;6894;5586;6711;6208;6962;5527;3691;5586;6962;6555;5705;6693;6636;7480;6711;5586;
137;6392;9462;6197;5390;6387;6132;6903;6417;6274;6427;5424;6817;6635;6855;6423;6678;6899;6282;;;6132;6903;6635;6392;6274;5424;6817;6197;6899;5390;6132;6903;6635;6392;6274;5424;6817;6197;6899;5390;6132;6903;6392;6274;5424;6817;6899;5390;6678;9462;5390;6387;6903;6282;6855;6427;6392;6132;6274;6423;9462;5390;6387;6678;6855;6427;9462;5390;6387;6678;6855;6427;6903;9462;5390;6387;6132;6392;6855;6427;6903;9462;5390;6392;6132;6387;6635;6392;6903;9462;5424;6936;6414;9462;6903;
138;5962;6513;6408;5474;6153;6150;6031;5581;6116;6405;6217;6055;7021;5958;6133;6080;6136;6042;;;5962;6513;6408;6031;6133;6150;6055;7021;6136;5958;5962;6513;6408;6031;6133;6150;6055;7021;6136;5958;5962;6513;6031;6133;6136;6055;6150;5958;6217;5581;5474;6153;6150;6408;6116;6405;7021;6080;5958;6133;5581;5474;6153;6217;6116;6405;5581;5474;6153;6217;6116;6405;5962;6513;5474;6153;6150;6031;6116;6405;5962;6513;5474;6150;6031;6153;7021;6136;6150;6217;5958;5970;6283;5962;7021;
139;5972;5796;6050;2865;2752;6354;6003;5488;5394;6499;6355;6476;6461;3791;5564;6052;6181;6086;;;6354;6003;6086;6476;5564;6052;6181;6461;5796;2752;6476;6003;6086;6181;5564;6354;5796;6461;2752;6499;6476;6003;6181;5564;6354;5796;6086;2752;5796;5972;5394;2752;6355;6050;3791;6499;6086;6354;2865;5564;5972;5394;2752;5796;3791;6499;5972;5394;2752;5796;3791;6499;6050;5796;2865;2752;6003;6476;5394;6499;6050;5796;2752;6003;6476;6499;5796;6003;6461;6052;6354;6187;6804;5796;6050;
140;6106;5553;5502;5774;6221;6286;6599;5537;7022;9460;6616;6798;6343;7494;6163;6149;6357;7170;;;6106;6599;5502;5537;7022;6286;5553;7170;6357;7494;6106;6599;5502;5537;7022;6286;5553;7170;6357;7494;5537;5502;6599;7022;6106;7170;6357;7494;5553;6616;5774;9460;6286;6343;6163;6221;5537;5502;7022;7494;6616;5774;9460;5553;6163;6221;6616;5774;9460;5553;6163;6221;5553;5502;5774;6221;6599;5537;7022;9460;5553;5502;6221;6599;5537;9460;5553;5537;5502;6149;6599;6713;7327;5502;5553;
141;3799;6473;7049;5357;6190;5638;6979;3480;6954;6008;5768;8183;3298;5593;2857;3406;6102;5442;;;3480;6979;7049;6473;6190;3799;6102;5442;5768;5357;3480;6979;7049;6473;6190;3799;6102;5442;5768;5357;7049;6979;3480;6190;3799;6473;6102;5357;8183;5638;5357;6008;3298;6473;6954;2857;6102;3799;5593;6190;8183;5357;6008;5638;6954;2857;8183;5357;6008;5638;6954;2857;3799;6473;5357;6008;8183;6979;6190;2857;6979;6473;5357;8183;3799;6190;3799;6473;5442;8183;7049;6837;6810;8183;5638;
142;6295;6043;5625;5811;2853;2872;6179;5775;5410;5478;5659;5750;5544;3393;6148;3371;6510;5747;;;6295;5750;5625;6510;5811;2872;6179;5775;5410;2853;6295;5750;5625;6510;5811;2872;6179;5775;5410;2853;5750;5625;6510;5811;5775;6179;3371;5410;5544;5747;3393;5478;6179;6043;5410;2853;3371;5775;5811;6148;5544;3393;5478;5747;5410;2853;5544;3393;5478;5747;5410;2853;6043;5625;5811;2853;5750;6179;5410;5478;6043;5625;5811;5750;6179;5410;5750;3371;5659;6295;5625;6070;5711;6179;5625;
143;5414;9945;6078;2844;5737;5665;5719;6160;6087;5374;6291;5545;6212;6084;5788;5986;5805;5511;;;5665;5805;6212;5737;5374;5414;9945;6078;6160;2844;5665;5805;6212;5737;5374;5414;9945;6078;6160;2844;5805;6212;5374;5737;6160;6078;9945;2844;5511;6078;2844;6084;6160;5414;6087;5788;9945;5719;5374;5737;6078;2844;6084;5511;6087;5788;6078;2844;6084;5511;6087;5788;6160;6078;2844;5737;9945;6212;6087;5374;6160;6078;5737;9945;6212;2844;6078;9945;6160;2844;5665;5398;7029;6078;9945;
144;7047;5469;6075;6589;5744;6845;6834;6741;3376;5372;6326;7023;5450;6275;5977;5989;;;;;7047;5469;6741;6326;6275;6845;6834;6075;5744;6589;7047;5469;6741;6326;5744;6845;6834;6075;6275;6589;6326;7047;6741;6275;6075;5469;6845;5744;6845;6075;6589;5744;6741;5469;5977;5372;5989;5450;3376;6275;6075;6589;5744;6845;5977;5372;6075;6589;5744;6845;5977;5372;6075;7047;6589;5744;6741;6845;3376;5372;6075;7047;5744;6741;6845;6589;7047;6845;6741;3376;7023;5423;6870;7047;6075;
145;5792;6263;3309;6734;6358;5956;6525;6260;6175;5724;5984;6135;9946;6839;6906;6224;6310;3398;;;5956;6263;6260;6734;6839;5984;6310;9946;3398;6175;5956;6263;6260;6734;6839;5984;6310;9946;3398;6175;5956;6260;6263;6734;3398;9946;6310;6839;6135;6525;5724;6358;5792;3309;6175;6906;9946;6263;6734;6839;6525;5724;6358;6135;6175;6906;6525;5724;6358;6135;6175;6906;6263;3309;6734;6358;6135;6260;6175;5724;6260;3309;6734;6135;6263;6175;3398;3309;6310;9946;6839;6731;6968;3309;6263;
146;7199;5611;2879;6916;5551;6857;6781;6668;6797;6689;6891;6640;7080;7305;7171;7428;6675;6869;;;6891;6781;6668;6640;6916;7199;5611;7080;6689;7171;6891;6781;6668;6640;6916;7199;5611;7080;6689;7171;6640;6781;6689;6916;7080;6668;6891;7171;6675;5611;6797;5551;7428;2879;6916;6689;7199;6857;7171;7305;5611;6797;5551;6675;6916;6689;5611;6797;5551;6675;6916;6689;2879;5611;6916;5551;7199;6781;6797;6689;2879;5611;5551;6640;6781;6916;6857;5611;7171;6869;6668;6770;6961;5611;2879;
147;6649;6402;5988;5995;5472;5981;6152;6314;6251;6103;6164;6356;6999;6165;6886;6097;6341;6146;;;6649;6152;5988;5472;6886;6097;6341;6314;6402;6251;6649;6152;5988;5472;6886;6097;6341;6314;6402;6251;6341;6152;6649;5472;6402;5988;6314;6886;6356;6402;5995;6103;6097;6164;6165;5472;6999;6146;6251;6886;6402;5995;6103;6356;6165;5472;6402;5995;6103;6356;6165;5472;6356;6402;5995;5472;6341;6152;6251;6103;6152;6402;5472;6341;6356;5995;6314;6649;5472;6356;5988;5931;6352;6152;6402;
148;5393;3881;3885;6881;5425;5568;5751;6406;6496;6508;6305;6488;5687;2837;2898;6829;7014;6403;;;5393;3881;5687;6508;2898;6829;6488;6403;6406;5425;5393;3881;5687;6508;2898;6829;6488;6403;6406;5425;3881;5393;6488;6508;6403;5687;6829;2898;5568;5751;6496;5425;6406;3885;2837;2898;6305;7014;6881;6508;5568;6496;5425;5751;2837;2898;5568;6496;5425;5751;2837;2898;3885;5393;6881;5425;5751;3881;6496;6508;3885;5393;5425;5751;3881;6508;5393;5568;6406;5687;3881;6182;6993;5751;5393;
149;6062;6878;9968;6026;5412;6699;6347;6053;6623;6324;6239;6154;6393;6375;5960;6083;6079;6594;;;6062;6154;9968;5412;5960;6239;6347;6393;6594;6026;6062;6154;9968;5412;5960;6239;6347;6393;6594;6026;6062;9968;6393;5412;6347;6154;6594;5960;6053;6878;6026;6623;9968;6699;6375;6324;6062;6393;5960;5412;6878;6026;6623;6053;6375;6324;6878;6026;6623;6053;6375;6324;6878;9968;6026;5412;6053;6062;6623;6324;6878;9968;5412;6053;6062;6026;9968;6154;6053;6878;6062;6115;6761;9968;6878;
150;5980;5575;6059;6206;6747;7616;6416;5801;6369;6126;6069;6854;6243;6039;6222;;;;;;5980;5575;6059;6416;6747;7616;6854;6243;6069;6206;5980;5575;6059;6416;6747;7616;6854;6243;6069;6206;6059;5575;5980;6747;7616;6416;6069;6206;5801;6854;6206;6747;5575;6243;6369;6126;5980;6059;6039;6222;6854;6206;6747;5801;6369;6126;6854;6206;6747;5801;6369;6126;6059;5575;6206;6747;5801;5980;6369;6126;6059;5575;6747;5801;5980;6206;6243;5980;6416;6854;7616;6184;6603;7616;5575;
151;5520;6612;5627;6921;9461;6558;5443;5396;6006;6478;3317;7381;5738;6763;5639;5352;6960;5595;;;3317;6612;5627;5443;6478;5595;7381;5738;6960;9461;3317;6612;5627;5443;6478;5595;7381;5738;6960;9461;5443;6612;7381;6478;3317;5627;6960;9461;5738;5352;6006;5639;6558;5520;6921;9461;5595;5396;6763;6478;5352;6006;5639;5738;6921;9461;5352;6006;5639;5738;6921;9461;5443;6612;6921;9461;6558;5520;6006;6478;5443;6612;9461;6558;5520;6921;6612;5520;6558;5396;5443;5451;5483;6612;5443;
152;1377;3412;7064;5901;6435;5902;508;2724;1916;3598;2780;6258;6235;402;1544;971;5907;5879;;;1377;3412;7064;1916;6258;5902;508;2724;5901;6435;1377;3412;7064;1916;6258;5902;508;2724;5901;6435;3412;1377;1916;7064;6258;5902;5901;6435;5907;971;5901;6435;6258;5902;1916;3598;508;2780;402;1544;6258;5901;6435;3412;1916;3598;6258;5901;6435;3412;1916;3598;3412;7064;5901;6435;6258;5902;1916;3598;3412;7064;6435;6258;5902;5901;7064;3412;6258;2780;508;5950;889;3412;6258;
153;1616;5778;1390;2855;43;1530;1804;1905;5418;543;3264;5947;1626;5535;975;778;7620;6542;;;3264;1804;1905;5947;2855;1616;7620;1626;975;5535;3264;1804;1905;5947;2855;1616;7620;1626;975;5535;5947;1804;1905;2855;3264;7620;5778;975;1390;5778;5418;43;1530;1616;5535;543;778;1626;2855;975;5778;5418;43;1390;5535;543;5778;5418;43;1390;5535;543;1804;5778;2855;43;1616;1390;5418;543;1804;5778;2855;1390;1616;43;1616;5947;1626;1905;778;2770;1481;5778;1804;
154;959;7608;2090;1924;829;5694;883;2826;3223;2852;1927;1432;1868;6141;1909;1791;3138;117;;;959;883;5694;1791;829;1927;1432;7608;2090;1924;959;883;5694;1791;829;1927;1432;7608;2090;1924;883;959;5694;1924;1432;2090;1791;829;1432;1927;6141;2852;1868;5694;1924;829;959;2826;3223;1909;1432;6141;2852;5694;1924;829;1432;6141;2852;5694;1924;829;883;959;5694;1924;1432;7608;1791;2852;883;959;1924;1432;7608;2852;959;7608;5694;883;1927;690;879;959;883;
155;1820;3400;943;2842;6094;6454;3165;938;2016;670;2040;8176;1673;1127;884;3255;2744;353;;;1673;3165;938;353;1127;6454;3400;943;6094;2842;1673;3165;938;353;1127;2040;3400;943;6094;2842;938;3165;1673;1127;3400;353;943;6094;3400;943;2016;670;1820;6454;2842;6094;8176;2040;1127;884;3400;2016;670;943;884;6094;3400;2016;670;943;884;6094;3165;3400;2842;6094;938;943;2016;670;3165;3400;6094;938;943;2842;353;6454;1673;2040;3165;1831;2921;3400;3165;
156;6489;6257;6261;3405;6479;3403;3218;3404;3259;6290;5416;6281;6559;6512;3381;6480;;;;;5416;6257;6261;3405;3259;6489;3218;3404;6281;6290;5416;6257;6261;3405;3259;6489;3218;3404;6281;6290;5416;6257;3218;3405;6281;6261;6290;3259;6559;6489;6512;6479;6261;6480;3405;6290;3404;3403;3259;3381;6489;6512;6479;6559;3405;6290;6489;6512;6479;6559;3405;6290;6489;6261;3405;6479;3403;6257;3259;6290;6489;6261;3405;3403;6257;6479;6559;6257;5416;6480;3404;2845;2868;6489;6261;
